d,n,N,r,geometry,m,trials,q10,median,q90,success_fraction
2,8,64,8,common_factor,64,64,0.7438911830110829,1.1389076092470316,1.8853638686957304,0.0
2,8,64,8,common_factor,128,64,0.5854471546083919,0.7358625874789038,1.3228494311640648,0.0
2,8,64,8,common_factor,256,64,0.43467869481696014,0.5431019292238416,0.8995388112803036,0.375
2,8,64,8,common_factor,512,64,0.3317391859842998,0.3966153716500532,0.6006076439512316,0.765625
2,8,64,8,common_factor,1024,64,0.22748739440043692,0.27653165894337917,0.3964355346486825,1.0
2,8,64,8,common_factor,2048,64,0.1717043936585385,0.20905847417004758,0.27477782306729054,1.0
2,8,64,8,common_factor,4096,64,0.11809758365887864,0.14594040611470438,0.1836833996043388,1.0
2,8,64,8,common_factor,8192,64,0.08005595227497476,0.10032297400023854,0.12507299253612464,1.0
2,8,64,8,haar,64,64,0.5584552785427926,0.7216195072012195,1.0570822651266445,0.0
2,8,64,8,haar,128,64,0.4465675896507523,0.5505059970148046,0.7426425049093078,0.328125
2,8,64,8,haar,256,64,0.3147440332492896,0.3997330775064737,0.4996060677719683,0.90625
2,8,64,8,haar,512,64,0.23916603824495053,0.27472954900895163,0.3531628576912756,0.984375
2,8,64,8,haar,1024,64,0.156272757621257,0.19055882658097645,0.2447117123626599,1.0
2,8,64,8,haar,2048,64,0.1128598234344306,0.14238145132608482,0.16610564122698385,1.0
2,8,64,8,haar,4096,64,0.08237279553584598,0.09659939841605453,0.11763708597179683,1.0
2,8,64,8,haar,8192,64,0.05779224949907167,0.06993745965537901,0.08419306270081259,1.0
3,8,512,8,common_factor,64,64,0.8402074339722794,1.4156093065457513,4.033081469400878,0.0
3,8,512,8,common_factor,128,64,0.7121521809285595,1.0393893320370557,2.2441275310762476,0.0
3,8,512,8,common_factor,256,64,0.5790782705622969,0.7711615708986452,1.6316184914954472,0.015625
3,8,512,8,common_factor,512,64,0.4980080704156315,0.6204452014576692,1.2235329050573576,0.125
3,8,512,8,common_factor,1024,64,0.3663674918111379,0.45078720566217695,0.8397781584155677,0.640625
3,8,512,8,common_factor,2048,64,0.2754846859497932,0.3297888669511625,0.4996295504426682,0.90625
3,8,512,8,common_factor,4096,64,0.1916037733229116,0.25517733497690853,0.34570835923198506,1.0
3,8,512,8,common_factor,8192,64,0.1477539184355269,0.1749800451706538,0.22047032517975057,1.0
3,8,512,8,haar,64,64,0.6642070438699573,0.9766732642920256,1.412752629960827,0.0
3,8,512,8,haar,128,64,0.5151950766231462,0.6739211501099933,0.9084807799648337,0.078125
3,8,512,8,haar,256,64,0.33955815780423776,0.44573965991158293,0.561763893714099,0.75
3,8,512,8,haar,512,64,0.2452459374190522,0.31400770160247016,0.4957784396030044,0.890625
3,8,512,8,haar,1024,64,0.18527334092860268,0.22625820116047451,0.28532023094496883,1.0
3,8,512,8,haar,2048,64,0.1262345993710278,0.1613445014469982,0.19448669923590411,1.0
3,8,512,8,haar,4096,64,0.09441557393887495,0.11865252034660967,0.13798875403577848,1.0
3,8,512,8,haar,8192,64,0.07026375618711543,0.07931723839303606,0.09597615229768973,1.0
