d,r,m,ambient_dimension,support_dimension,trials,lambda_min_q10,lambda_min_q50,lambda_min_q90,lambda_min_mean,lambda_max_q10,lambda_max_q50,lambda_max_q90,lambda_max_mean,rankr_ratio_q10,rankr_ratio_q50,rankr_ratio_q90,rankr_ratio_mean,projector_ratio_q10,projector_ratio_q50,projector_ratio_q90,projector_ratio_mean,upper_above_4_fraction,relative_1p5_fraction,joint_fraction
0,8,25,128,50,128,0.1810742716960779,0.27176407101644506,0.35612571295071965,0.27199719857285937,1.7046540704011304,2.077399502577376,2.437049267952892,2.0906705290530807,1.2089837035832585,1.258472266865883,1.3252726645195687,1.2658940145442068,0.8042217988213543,0.8537103621039788,0.9205107597576647,0.8611321097823026,0.0,0.9921875,0.0
0,16,49,256,98,128,0.1767232845182335,0.22420526144680514,0.2698442457428203,0.22656613761549368,1.9964327227442162,2.227716511282618,2.4925564575778125,2.244694552598734,1.253059328290558,1.2870070512639096,1.330247469433971,1.2884421995172488,0.850620303900314,0.8845680268736658,0.9278084450437278,0.8860031751270052,0.0,1.0,0.0
0,32,97,512,194,128,0.1764223119123132,0.20727682335060993,0.23942335400923537,0.2080068957248759,2.1815804518382467,2.3223239040722197,2.486886324796841,2.325601958286189,1.2735314917381708,1.2921036794315326,1.309480331842359,1.2919966831611716,0.8722969238369374,0.8908691115302982,0.9082457639411239,0.8907621152599374,0.0,1.0,0.0
0,64,193,1024,386,128,0.18361547580355106,0.19787303751568644,0.2178106494082085,0.19875015951762137,2.273207430834228,2.383383108700171,2.4880299940861086,2.382745629204976,1.2847174059167807,1.2942702754241533,1.3035684371159615,1.2944315119964993,0.8840962879043552,0.8936491574117298,0.9029473191035358,0.8938103939840755,0.0,1.0,0.0
0,128,385,2048,770,96,0.1738756733998788,0.1877211343902593,0.19834201816773012,0.18717314716990943,2.3662783412628032,2.425174399064047,2.4870454255320285,2.428633866080028,1.2944121103693385,1.2984175685317139,1.302704619848602,1.2984709907788607,0.8941005838895819,0.898106042051964,0.9023930933688504,0.8981594642991064,0.0,1.0,0.0
0,256,769,4096,1538,64,0.17799765136433052,0.18344135047130866,0.19103197886340342,0.1843353451195252,2.411419687961957,2.449625912991143,2.4938050886101375,2.4505652479694633,1.2966174886654414,1.299432647978143,1.3012021230449984,1.2991462258168414,0.8964614824251924,0.8992766417378846,0.901046116804747,0.8989902195765889,0.0,1.0,0.0
0,512,1537,8192,3074,32,0.17589774695443475,0.18339113676621013,0.18665868885032535,0.18273077015937572,2.4388646551414936,2.4720516663373813,2.486604775365443,2.4677411935701183,1.2981549271716522,1.2994231680940718,1.3000519241957256,1.2993793598440262,0.8980768631591619,0.8993451040815815,0.8999738601832352,0.8993012958315361,0.0,1.0,0.0
0,1024,3073,16384,6146,32,0.17796650086231794,0.18039357730607447,0.1831529204304306,0.18060386113138105,2.4584785934467606,2.4722120689744704,2.4898172273538957,2.4729902513340054,1.2993515158965179,1.299716506544073,1.3003335347231422,1.2998039009794797,0.8993124686493489,0.8996774592969039,0.9002944874759731,0.8997648537323106,0.0,1.0,0.0
2,8,25,128,50,128,0.051113490878380456,0.10142502039472687,0.18453215966761438,0.1133984743961016,1.645481156687897,2.610587001389428,4.478077933003147,2.886368670923939,1.2562019314954112,1.4089740071701669,1.6456454678822037,1.4405119450926613,0.8514400267335066,1.0042121024082626,1.2408835631203,1.0357500403307571,0.1796875,0.6875,0.1484375
2,16,49,256,98,128,0.05283514119697772,0.0814601234111886,0.13286763083863248,0.08930445133223594,2.3931068007730856,3.4785555808949926,5.0937521481162635,3.644239795077387,1.3211526007537016,1.4536734585214077,1.6367396187891645,1.4698327845743289,0.9187135763634575,1.051234434131164,1.234300594398921,1.067393760184085,0.3203125,0.6484375,0.265625
2,32,97,512,194,128,0.05659339766887651,0.07617656707921618,0.10418162554486167,0.07812268901983466,3.0226203921164645,3.932195310032118,4.932588472965665,4.035625407792032,1.386487686028333,1.4839219749127674,1.6066439199656621,1.4867098420302574,0.985253118127099,1.0826874070115338,1.2054093520644282,1.0854752741290232,0.46875,0.609375,0.3359375
2,64,193,1024,386,128,0.058697802170785025,0.0713338946958551,0.08523173264886383,0.07211853848941085,3.6893858749187656,4.474913993196477,5.443126526023261,4.553855970420276,1.4305952903243444,1.4896513226236,1.5756405652236138,1.4983400611637212,1.0299741723119205,1.089030204611177,1.1750194472111908,1.0977189431512973,0.7421875,0.5703125,0.46875
2,128,385,2048,770,96,0.05885752640075112,0.0677377070914411,0.07740866931000764,0.06766021831600359,4.223538097043964,4.997603775825456,5.926277637799927,5.063365495297719,1.4624106323111707,1.504168969216876,1.5723990895504567,1.5114640039539566,1.0620991058314146,1.103857442737123,1.172087563070697,1.111152477474203,0.9791666666666666,0.4583333333333333,0.4479166666666667
2,256,769,4096,1538,64,0.058117045872666334,0.06601344386838091,0.07327550287882495,0.06595028957859056,4.7324271035052625,5.333111508870394,6.2079861132624155,5.394032054000804,1.4662564330762666,1.5046157247983523,1.5540455715006487,1.51036376991639,1.0661004268360046,1.104459718558104,1.153889565260394,1.1102077636761378,1.0,0.421875,0.421875
2,512,1537,8192,3074,32,0.059850900864692066,0.06466036376548139,0.0683388548112407,0.06437605181672995,5.013024161400017,5.677343955111846,6.633268013513876,5.763823284852538,1.4865036588590315,1.510060682370714,1.546628816776352,1.5148077396356212,1.0864255948465413,1.1099826183582235,1.1465507527638619,1.114729675623131,1.0,0.34375,0.34375
2,1024,3073,16384,6146,32,0.059659270496107,0.06294125556272401,0.06502579388483952,0.06267147916931023,5.439815422732893,5.879537155294476,6.777787395303904,6.05544962475844,1.5038078020977257,1.521898689404503,1.5395814370333376,1.5216980017331256,1.1037687548505566,1.1218596421573341,1.1395423897861685,1.1216589544859565,1.0,0.09375,0.09375
3,8,25,128,50,128,0.013793565684204354,0.03966928150927542,0.1011832871379141,0.05130508933884213,1.3612021296729415,2.9160926016128177,7.558005132283841,4.21166999765097,1.3017056869763792,1.5728590700329568,1.9963832724196908,1.6120723792427427,0.8969437822144755,1.1680971652710523,1.5916213676577862,1.2073104744808387,0.375,0.40625,0.1875
3,16,49,256,98,128,0.015697314919585585,0.029519373188976426,0.05610577601017193,0.03395643621902372,2.431602982627036,4.5639322919934155,9.389661841809238,5.572921198808819,1.431774361366947,1.682765084412515,2.0625126545876413,1.7216200796401044,1.0293353369767033,1.2803260600222712,1.6600736301973975,1.3191810552498606,0.5546875,0.1875,0.1328125
3,32,97,512,194,128,0.017419348783677673,0.027012876435783158,0.03764444503429073,0.02715446359501769,3.8626135359937943,6.459517109233105,13.76023258144999,7.791983706044269,1.5496245729963425,1.7315980692814046,2.046559511210528,1.765937710065678,1.148390005095108,1.3303635013801713,1.6453249433092938,1.3647031421644438,0.890625,0.0546875,0.0546875
3,64,193,1024,386,128,0.017315897047131573,0.023830629958790615,0.033603932013736425,0.024940028832832126,5.135070666380115,8.458781183543403,15.781099119509053,9.931135794006744,1.598349845006066,1.7543278372806146,1.9454615731283318,1.761249651286223,1.197728726993644,1.3537067192681924,1.5448404551159094,1.3606285332737995,0.9921875,0.015625,0.015625
3,128,385,2048,770,96,0.018203200044172876,0.02161679462861304,0.028194902619981425,0.022690362951284862,7.653805426175698,10.538787099338863,16.341811424871437,11.253678399679572,1.661231558236569,1.7863207182586653,1.9093273644682327,1.7864550470472145,1.260920031756811,1.3860091917789106,1.5090158379884784,1.3861435205674606,1.0,0.0,0.0
3,256,769,4096,1538,64,0.01835147933437491,0.021052085772932806,0.024944800415949354,0.02136169488857515,9.424191850619447,13.133888013539192,21.70059763623335,14.920498703388006,1.7093393906414271,1.7988825637152117,1.900762894411798,1.8056582104925307,1.3091833844011718,1.3987265574749586,1.5006068881715435,1.4055022042522776,1.0,0.0,0.0
3,512,1537,8192,3074,32,0.019822307415079028,0.021316984123640824,0.023168353160047814,0.02153607186637945,12.044442375056136,15.725064541691125,29.375752929486215,17.67461177743767,1.7416482032130227,1.7907511414187742,1.8730554150590297,1.7995237774569444,1.3415701392005324,1.390673077406284,1.4729773510465394,1.3994457134444542,1.0,0.0,0.0
3,1024,3073,16384,6146,32,0.01971762995516513,0.020476285875461103,0.021853456182829026,0.02063264484511462,13.376786582112443,18.317456899677353,27.456024840757262,19.939557944250488,1.7801668744155958,1.8054948341334227,1.8631012805995617,1.813477690131755,1.3801278271684267,1.4054557868862536,1.4630622333523926,1.4134386428845858,1.0,0.0,0.0
4,8,25,128,50,128,0.005628926623490406,0.014712787988990696,0.04158638643131131,0.020104935933689217,1.0681702076263682,3.1975053342511632,8.746524991901241,5.077535292097405,1.3341730860203929,1.6130899835773111,2.07047187876614,1.6631185651869838,0.9294111812584888,1.208328078815407,1.6657099740042356,1.25835666042508,0.390625,0.328125,0.1328125
4,16,49,256,98,128,0.004028175679762834,0.009087017167650688,0.02344775990323279,0.011457642858159235,2.115409077420198,5.4183578636487155,17.268866412194374,7.652532673128416,1.473040992046985,1.7709453820611196,2.3977362043252595,1.8607655951498758,1.0706019676567415,1.368506357670876,1.9952971799350154,1.458326570759632,0.6171875,0.1484375,0.125
4,32,97,512,194,128,0.0049857373016844175,0.008619815688259029,0.015780998064915383,0.009739414542494142,3.7679578668069107,8.274599642320617,23.189697255449733,12.551444770719486,1.6212367668353382,1.8488146568980879,2.100747671088573,1.864043245704519,1.2200021989341054,1.4475800889968546,1.6995131031873378,1.462808677803285,0.8828125,0.0234375,0.0234375
4,64,193,1024,386,128,0.004965996953900497,0.00803412371529176,0.011414318584966462,0.008240678539145377,6.2794344963729385,12.990447137388392,25.859761232504404,15.630941616652962,1.7200721164167476,1.8958413852328697,2.1790785174968463,1.9258396228299275,1.3194509984043243,1.4952202672204464,1.7784573994844208,1.5252185048175033,0.96875,0.0078125,0.0078125
4,128,385,2048,770,96,0.005147387058703332,0.007105238784628556,0.00965956830116008,0.007281201405129567,10.94302454450651,20.635899178444255,41.10141941510792,24.9007239164582,1.8003984101539874,1.956630211410531,2.1938429808073026,1.980978349008386,1.4000868836742342,1.5563186849307797,1.7935314543275496,1.5806668225286318,1.0,0.0,0.0
4,256,769,4096,1538,64,0.005790017085488875,0.0070724410934911225,0.008754884558337218,0.007254979940419666,15.159436746953823,29.600673148693,50.778885843397234,30.4023049232537,1.8150812387554895,1.9414833005681658,2.087118929604471,1.9471963646278154,1.4149252325152362,1.541327294327914,1.68696292336422,1.5470403583875654,1.0,0.0,0.0
4,512,1537,8192,3074,32,0.0059431136496506535,0.006943608466201649,0.007807874338507272,0.0069123882050588495,17.712109831079854,32.105687911576055,66.99484162828743,38.94845817207688,1.8784246266769067,1.977436321931892,2.055499457538745,1.9691280113485445,1.4783465626644166,1.5773582579194017,1.6554213935262545,1.5690499473360544,1.0,0.0,0.0
4,1024,3073,16384,6146,32,0.006119798752221133,0.007023890615791522,0.007596094514734911,0.0069559942860282125,27.885892971837222,49.815914211644134,100.38037728782979,62.21415238600744,1.8936566121618286,1.9476772818271928,2.000725613701022,1.9528723861437483,1.4936175649146595,1.5476382345800235,1.6006865664538532,1.5528333388965794,1.0,0.0,0.0
