r,m,ambient_dimension,support_dimension,d,trial,lambda_min,lambda_max,rankr_ratio,projector_ratio,qr_rank_margin
512,1537,8192,3074,0,0,0.17580367628269875,2.4286514321686115,1.2996395111291497,0.8995614471166594,0.03801147864580232
512,1537,8192,3074,2,0,0.06716817061217942,6.889002887385695,1.4908662431108932,1.090788179098403,
512,1537,8192,3074,3,0,0.02292416543006129,18.697201810513683,1.7632216497932143,1.363143585780724,
512,1537,8192,3074,4,0,0.006396521531668924,20.69322644536127,2.0095104628307867,1.6094323988182966,0.005648288658665301
512,1537,8192,3074,0,1,0.18561657000310428,2.4798464834292075,1.2998662625376178,0.8997881985251276,
512,1537,8192,3074,2,1,0.06663882110697496,6.651792585255929,1.511993610990236,1.111915546977746,
512,1537,8192,3074,3,1,0.02449889927789773,22.060355579698346,1.7203321011229158,1.3202540371104257,
512,1537,8192,3074,4,1,0.006138223144965281,32.09926598578099,2.0561016254950504,1.6560235614825602,
512,1537,8192,3074,0,2,0.18260809966933528,2.4816214147982265,1.2981443044083014,0.8980662403958112,
512,1537,8192,3074,2,2,0.060147466039119635,6.369872657109577,1.5411476626034628,1.1410695985909727,
512,1537,8192,3074,3,2,0.021835309817540314,12.508866544670315,1.779766277905523,1.3796882138930329,
512,1537,8192,3074,4,2,0.007233898395313579,27.25162317194313,1.8553823049759912,1.455304240963501,
512,1537,8192,3074,0,3,0.18127008196284022,2.4685001740683683,1.2980635395171929,0.8979854755047026,
512,1537,8192,3074,2,3,0.06318418173944723,5.437924258100077,1.4915159649634149,1.0914379009509245,
512,1537,8192,3074,3,3,0.020969879374288316,13.749917118132442,1.8255734509586832,1.425495386946193,
512,1537,8192,3074,4,3,0.007425709642121781,82.66417158043907,1.9384740289808857,1.5383959649683954,
512,1537,8192,3074,0,4,0.18463869482136694,2.4458657491166353,1.298839872393813,0.8987618083813228,
512,1537,8192,3074,2,4,0.06781161043223022,5.500238015507314,1.5090157501625798,1.1089376861500897,
512,1537,8192,3074,3,4,0.02027229234083437,10.424267703180961,1.875058956426044,1.4749808924135537,
512,1537,8192,3074,4,4,0.00780890566705381,22.983515779307577,1.8687891860277142,1.468711122015224,
512,1537,8192,3074,0,5,0.16993583034006232,2.4667286544605567,1.3000586677330008,0.8999806037205106,
512,1537,8192,3074,2,5,0.06971991866772467,5.518554290706523,1.4895759510004778,1.0894978869879877,
512,1537,8192,3074,3,5,0.022570766002420934,14.335857538778056,1.7898619203311645,1.3897838563186742,
512,1537,8192,3074,4,5,0.007313499411971059,17.634127839035976,1.9466432840172914,1.5465652200048012,
512,1537,8192,3074,0,6,0.18289717945502898,2.4611000190157437,1.2991558094167526,0.8990777454042623,
512,1537,8192,3074,2,6,0.06217134691171128,6.321360528998419,1.5213058389570056,1.1212277749445154,
512,1537,8192,3074,3,6,0.018160644541201542,13.088939243251687,1.9716201669469275,1.5715421029344374,
512,1537,8192,3074,4,6,0.007878156370600586,34.61283015229323,1.9155436535747128,1.5154655895622224,
512,1537,8192,3074,0,7,0.1834292442511463,2.4767167576603866,1.2985715732635503,0.8984935092510601,
512,1537,8192,3074,2,7,0.06467864690377643,4.998779597918695,1.5296245556039254,1.129546491591435,
512,1537,8192,3074,3,7,0.021208224348403727,15.417716204546547,1.8416978425186272,1.441619778506137,
512,1537,8192,3074,4,7,0.00593200744692685,34.875310415307055,2.0651145986362645,1.6650365346237743,
512,1537,8192,3074,0,8,0.17877399792524493,2.48202421420394,1.299249982844466,0.8991719188319757,
512,1537,8192,3074,2,8,0.06209891108588356,5.258267744574962,1.5347845157203541,1.134706451707864,
512,1537,8192,3074,3,8,0.020593348660287475,12.042745508240271,1.8109237734463897,1.4108457094338993,
512,1537,8192,3074,4,8,0.007864457082186362,16.710733144089247,1.8849476781960541,1.4848696141835638,
512,1537,8192,3074,0,9,0.17533556901535244,2.485950754275881,1.2997945178974015,0.8997164538849113,
512,1537,8192,3074,2,9,0.06772586324692992,5.158004652450925,1.4786586685421312,1.078580604529641,
512,1537,8192,3074,3,9,0.02017012893547229,12.639157307519922,1.85143634249419,1.4513582784816998,
512,1537,8192,3074,4,9,0.006584367795468157,25.60639704359184,1.8907031846565463,1.4906251206440562,
512,1537,8192,3074,0,10,0.18399586655073888,2.4729670358690394,1.2998170339325363,0.8997389699200461,
512,1537,8192,3074,2,10,0.0679367774563764,7.877229292021742,1.4971419507052404,1.0970638866927502,
512,1537,8192,3074,3,10,0.021425743898877917,16.032412878835704,1.8236318744633704,1.4235538104508803,
512,1537,8192,3074,4,10,0.005647564595821925,15.457887699606953,1.9582908642156298,1.5582128002031395,
512,1537,8192,3074,0,11,0.1844872806036181,2.488137892257929,1.2993419069453576,0.8992638429328673,
512,1537,8192,3074,2,11,0.058563490453982646,5.141225232731913,1.5397445873403641,1.139666523327874,
512,1537,8192,3074,3,11,0.022257194144575613,13.123404871429177,1.8158899285459065,1.4158118645334161,
512,1537,8192,3074,4,11,0.0059228738588524435,23.413944570920275,1.9708622902552757,1.5707842262427856,
512,1537,8192,3074,0,12,0.19207202322757788,2.4529713442083407,1.298204306982956,0.8981262429704658,
512,1537,8192,3074,2,12,0.06873611318189819,5.3586240433697885,1.506267458133991,1.1061893941215009,
512,1537,8192,3074,3,12,0.020058451242875624,14.759441299438558,1.8943103531466903,1.4942322891342,
512,1537,8192,3074,4,12,0.007954400155542697,26.35492783887716,1.8867489390167158,1.4866708750042257,
512,1537,8192,3074,0,13,0.17674438300005882,2.450429971795217,1.2996311873313702,0.8995531233188799,
512,1537,8192,3074,2,13,0.06063431188832887,5.615801975116697,1.5411061710663412,1.141028107053851,
512,1537,8192,3074,3,13,0.019633245206330276,19.32319900688246,1.8051743823719102,1.40509631835942,
512,1537,8192,3074,4,13,0.007524738214205901,47.578869817602026,1.8776998431747791,1.477621779162289,
512,1537,8192,3074,0,14,0.1816553160894452,2.4294758503020564,1.2991584955466025,0.8990804315341122,
512,1537,8192,3074,2,14,0.06077202350175207,4.760542019538406,1.547237833906673,1.147159769894183,
512,1537,8192,3074,3,14,0.021712773063873245,29.58070161059148,1.7827218241215141,1.382643760109024,
512,1537,8192,3074,4,14,0.006980221237433531,38.82988444105409,2.039162410956846,1.639084346944356,
512,1537,8192,3074,0,15,0.1828546821364283,2.4844465680679395,1.2999880404885218,0.8999099764760315,
512,1537,8192,3074,2,15,0.06660589068832906,6.466546867835399,1.508582458343136,1.1085043943306458,
512,1537,8192,3074,3,15,0.02086386910138439,19.013064215672216,1.80411806017558,1.4040399961630898,
512,1537,8192,3074,4,15,0.007639820737776333,58.32814309667549,1.9857254284674097,1.5856473644549194,
512,1537,8192,3074,0,16,0.18512892031630326,2.4453579631820865,1.2997431206432832,0.899665056630793,
512,1537,8192,3074,2,16,0.06419999176346343,5.300422362854085,1.5051768926323947,1.1050988286199046,
512,1537,8192,3074,3,16,0.01979606921199052,16.189970830430397,1.8005255918426122,1.400447527830122,
512,1537,8192,3074,4,16,0.007043437131494911,28.60458955558942,1.991716812232692,1.591638748220202,
512,1537,8192,3074,0,17,0.17321810890573877,2.500597821570332,1.299214328530104,0.8991362645176139,
512,1537,8192,3074,2,17,0.060387609291557426,5.874430822638977,1.5127186472912366,1.1126405832787465,
512,1537,8192,3074,3,17,0.02257760117375285,24.987353300158503,1.7481612695641933,1.3480832055517031,
512,1537,8192,3074,4,17,0.00635601776095734,67.95780813179985,2.029749862005535,1.629671797993045,
512,1537,8192,3074,0,18,0.18607854581922656,2.4798882217036247,1.2996014533159397,0.8995233893034494,
512,1537,8192,3074,2,18,0.06988131708548298,5.742911227491738,1.4788590778298136,1.0787810138173235,
512,1537,8192,3074,3,18,0.021171952071190558,30.032873858439544,1.7676852743268032,1.367607210314313,
512,1537,8192,3074,4,18,0.007784236492166708,44.493516455547216,1.8201168848591944,1.4200388208467043,
512,1537,8192,3074,0,19,0.1890258766612335,2.4616984834421016,1.299422864436748,0.8993448004242578,
512,1537,8192,3074,2,19,0.057896886410433945,5.738885935106996,1.5538189379912724,1.1537408739787822,
512,1537,8192,3074,3,19,0.0181364043935666,10.020252050740865,1.8809603621588329,1.4808822981463425,
512,1537,8192,3074,4,19,0.006213434149255136,35.71791062873703,1.9887260531553212,1.5886479891428311,
512,1537,8192,3074,0,20,0.18335302928127398,2.486656903316427,1.3011547386746594,0.9010766746621691,
512,1537,8192,3074,2,20,0.05928710276127124,6.933399492995043,1.540845711786182,1.1407676477736919,
512,1537,8192,3074,3,20,0.022334742047900612,13.48106359061002,1.7634221641091563,1.3633441000966662,
512,1537,8192,3074,4,20,0.0063401262296227095,22.284802225357033,2.028283655508657,1.628205591496167,
512,1537,8192,3074,0,21,0.18043796666747738,2.50818723533086,1.2993835997560979,0.8993055357436076,
512,1537,8192,3074,2,21,0.06757602965603836,5.590170508934413,1.4980103498540747,1.0979322858415843,
512,1537,8192,3074,3,21,0.023544388477176766,31.48937857644932,1.7625254670973454,1.3624474030848552,
512,1537,8192,3074,4,21,0.006125449640853957,29.570034907866734,2.050079945931994,1.6500018819195037,
512,1537,8192,3074,0,22,0.18424715464246993,2.4861356238065877,1.2981494405259517,0.8980713765134615,
512,1537,8192,3074,2,22,0.06209721693430733,5.864390284450194,1.5059422866957024,1.1058642226832123,
512,1537,8192,3074,3,22,0.02082958766810488,12.059714176398916,1.8127378500917126,1.4126597860792223,
512,1537,8192,3074,4,22,0.006764310744510391,93.95864620171812,2.0221322885293347,1.6220542245168446,
512,1537,8192,3074,0,23,0.1852558250366702,2.4599106321387296,1.2998478560570632,0.899769792044573,
512,1537,8192,3074,2,23,0.06024649127353639,5.884537609048538,1.551698210831532,1.1516201468190417,
512,1537,8192,3074,3,23,0.027608160456270285,35.026944337043645,1.676207447951867,1.2761293839393768,
512,1537,8192,3074,4,23,0.007798592381588429,31.23684218424637,1.9388930944148552,1.5388150304023651,
512,1537,8192,3074,0,24,0.18662107204641343,2.456640121412786,1.3002427171714825,0.9001646531589923,
512,1537,8192,3074,2,24,0.06797508259827065,5.608221689057463,1.4870371438410595,1.0869590798285693,
512,1537,8192,3074,3,24,0.02208263820949285,17.538861616479856,1.777966539870542,1.3778884758580516,
512,1537,8192,3074,4,24,0.006853658483692689,57.01718067766294,2.001073118454868,1.6009950544423779,
512,1537,8192,3074,0,25,0.18295877382021722,2.4381431764703168,1.2986547071167074,0.8985766431042171,
512,1537,8192,3074,2,25,0.05995654170057695,5.915329851018581,1.5714980153380198,1.1714199513255297,
512,1537,8192,3074,3,25,0.02060882575455128,9.990542555204605,1.7916403625063841,1.391562298493894,
512,1537,8192,3074,4,25,0.007755078693653007,34.09492877804004,1.9782069951228707,1.5781289311103803,
512,1537,8192,3074,0,26,0.18226008533153915,2.483557985292137,1.3009546292623424,0.9008765652498522,
512,1537,8192,3074,2,26,0.059839162994038186,4.867348576674119,1.535607331072224,1.135529267059734,
512,1537,8192,3074,3,26,0.02112169415675533,13.092145109031403,1.7666124184012797,1.3665343543887896,
512,1537,8192,3074,4,26,0.007295453832025532,40.577321778066946,1.9331267398426415,1.5330486758301514,
512,1537,8192,3074,0,27,0.18360877845568177,2.453392190160625,1.2978826818050295,0.8978046177925393,
512,1537,8192,3074,2,27,0.06837927394601516,5.377866397986545,1.5111056145788477,1.1110275505663574,
512,1537,8192,3074,3,27,0.021580744439976696,12.92457982250679,1.8550235427559008,1.4549454787434106,
512,1537,8192,3074,4,27,0.005782435720335496,132.49820102640462,2.0895963307454646,1.6895182667329744,
512,1537,8192,3074,0,28,0.18320506964838312,2.4797216808861053,1.2994234717513955,0.8993454077389053,
512,1537,8192,3074,2,28,0.06778289835185711,4.626311009406771,1.5162663568827615,1.1161882928702713,
512,1537,8192,3074,3,28,0.023195485130046316,27.531214799538805,1.7409245291740036,1.3408464651615133,
512,1537,8192,3074,4,28,0.007526082078982998,37.71493208941904,1.93415897508968,1.5340809110771896,
512,1537,8192,3074,0,29,0.18666286849520447,2.4711362968057227,1.2999912323602474,0.8999131683477571,
512,1537,8192,3074,2,29,0.06755485483974508,5.820913238536349,1.4864443827499172,1.086366318737427,
512,1537,8192,3074,3,29,0.022411682083839295,19.672890794990657,1.737248654065698,1.3371705900532076,
512,1537,8192,3074,4,29,0.006043069474164883,18.413947759474766,2.082093913424416,1.682015849411926,
512,1537,8192,3074,0,30,0.18506485694385102,2.477395040836053,1.299377028959629,0.8992989649471387,
512,1537,8192,3074,2,30,0.06464208062718634,5.928218246775335,1.495911736783354,1.0958336727708637,
512,1537,8192,3074,3,30,0.020849731740603145,16.631435589171005,1.7881168289272347,1.3880387649147443,
512,1537,8192,3074,4,30,0.006906995694969766,15.003030247273635,1.9766656487409133,1.576587584728423,
512,1537,8192,3074,0,31,0.18813921769429148,2.423864502191201,1.2995706322735678,0.8994925682610776,
512,1537,8192,3074,2,31,0.06773757398493349,6.045221213684025,1.4843377510312596,1.0842596870187693,
512,1537,8192,3074,3,31,0.02214965732259948,18.121107429429273,1.759663671010002,1.3595856069975119,
512,1537,8192,3074,4,31,0.006362678765700009,32.11210983737112,1.997776261617038,1.5976981976045477,
