r,d,trial,tail_cholesky_diagonal_ratio,head_cholesky_diagonal_ratio,qr_error_difference,qr_rank_margin
1024,0,0,0.6119925373823933,0.6143604514341338,6.861178292183467e-14,0.026963715050308045
1024,2,0,0.6141355536356267,0.4315725426503761,,
1024,3,0,0.6124904407526521,0.3017080300971937,,
1024,4,0,0.6191295210002196,0.2770214906358103,7.904787935331115e-14,0.004023566125549126
1024,0,1,0.6194236064570446,0.632010271159792,,
1024,2,1,0.6204050150840045,0.4296316224674552,,
1024,3,1,0.616389609437429,0.306373327986745,,
1024,4,1,0.6057835334289342,0.26792391625554446,,
1024,0,2,0.6190090943278264,0.6157271484849837,,
1024,2,2,0.6133759096590756,0.43797899539605345,,
1024,3,2,0.6203644929038552,0.3098656689990751,,
1024,4,2,0.6154673713600922,0.24656014617080496,,
1024,0,3,0.6168153023243271,0.619555232919323,,
1024,2,3,0.6214537620691032,0.43337145009353906,,
1024,3,3,0.620171204653699,0.32032717382949794,,
1024,4,3,0.6074672669103521,0.27460310493050777,,
1024,0,4,0.6181797719916408,0.6207660083431573,,
1024,2,4,0.615481588319582,0.4404952676560764,,
1024,3,4,0.6170149701692547,0.32383115764737314,,
1024,4,4,0.6171827571595461,0.2652847201052001,,
1024,0,5,0.6148816948246912,0.6231777749577787,,
1024,2,5,0.6126898497182185,0.42743262222865136,,
1024,3,5,0.6104266800749996,0.2726289149450503,,
1024,4,5,0.6168518725634557,0.28125490816763254,,
1024,0,6,0.6153473041615447,0.6146851621071676,,
1024,2,6,0.6162627874251836,0.43038351655934154,,
1024,3,6,0.6086874194504549,0.3003114616606426,,
1024,4,6,0.6173127704690795,0.2750154672819835,,
1024,0,7,0.6198632845006906,0.5966638146264065,,
1024,2,7,0.6216245489874396,0.4283360434047501,,
1024,3,7,0.6043051095540946,0.3141323968318795,,
1024,4,7,0.6148445439413401,0.2552483393990773,,
1024,0,8,0.6198102065926452,0.6140988564092194,,
1024,2,8,0.6209736531343971,0.4221950919851401,,
1024,3,8,0.6173045208548144,0.3201059088291651,,
1024,4,8,0.6209172667744198,0.24802675996156634,,
1024,0,9,0.6180129301647714,0.6257910060000608,,
1024,2,9,0.6170412074619093,0.42087151898672015,,
1024,3,9,0.6198791728856289,0.3160431904743384,,
1024,4,9,0.616535123471762,0.2716977781040407,,
1024,0,10,0.6131914112634855,0.6006528696979225,,
1024,2,10,0.6085452801733972,0.4042436009199784,,
1024,3,10,0.6128310931828558,0.30375664919485157,,
1024,4,10,0.6178906646675912,0.25493446349643967,,
1024,0,11,0.6136001097533145,0.6138831113010876,,
1024,2,11,0.619116053372765,0.4414422491331309,,
1024,3,11,0.6120496108533544,0.30636863173454604,,
1024,4,11,0.6181187625571786,0.2512823286546881,,
1024,0,12,0.6199901556416222,0.6313822864073626,,
1024,2,12,0.6187388967835283,0.413824474883289,,
1024,3,12,0.6135191668468701,0.3127375017196198,,
1024,4,12,0.6130639459115872,0.25999479009354115,,
1024,0,13,0.6182671861888486,0.6229649069567947,,
1024,2,13,0.6217652782190415,0.44222578733151346,,
1024,3,13,0.6203800976107963,0.3157748270180836,,
1024,4,13,0.6154880405813116,0.26858991049202346,,
1024,0,14,0.6202659700854721,0.6188360504163067,,
1024,2,14,0.620215445690159,0.4286036308954334,,
1024,3,14,0.6164446598016374,0.3049286935561112,,
1024,4,14,0.6162828110077397,0.27524614897384536,,
1024,0,15,0.6230841131412226,0.6224962502030899,,
1024,2,15,0.6147435627423194,0.44534775311628694,,
1024,3,15,0.6160749923638491,0.30898269843604004,,
1024,4,15,0.6162207466440172,0.27086473313257586,,
1024,0,16,0.6234832123822965,0.6167364281589286,,
1024,2,16,0.6156471136691918,0.44140196689299366,,
1024,3,16,0.6133707181530267,0.28675755782265744,,
1024,4,16,0.609644501146169,0.27299089657910175,,
1024,0,17,0.6260859381405914,0.6158872840578333,,
1024,2,17,0.6151526923268033,0.42201923682327713,,
1024,3,17,0.6170723046150106,0.3163137417825998,,
1024,4,17,0.6217303493626217,0.2900312844790174,,
1024,0,18,0.6209844899343814,0.6009403760966021,,
1024,2,18,0.6181785139574364,0.4224926469938989,,
1024,3,18,0.6192267208670776,0.31394829247032957,,
1024,4,18,0.6081888083447358,0.26626018056887946,,
1024,0,19,0.6239124834008798,0.6124154134786526,,
1024,2,19,0.622916478325673,0.4300199082049465,,
1024,3,19,0.615099082240425,0.3077052997383598,,
1024,4,19,0.6107204803637557,0.2600558623657617,,
1024,0,20,0.6192918289661566,0.6224095410687447,,
1024,2,20,0.6149549408173073,0.42415400173152223,,
1024,3,20,0.6192732980974635,0.31851202348626495,,
1024,4,20,0.6014429939704004,0.2386744228804832,,
1024,0,21,0.6172832455996808,0.6399394209986328,,
1024,2,21,0.6110845532698732,0.42582109700738396,,
1024,3,21,0.6113492810204404,0.3101053406932712,,
1024,4,21,0.6150939201985979,0.26614063508244484,,
1024,0,22,0.6190897315247397,0.624765142421105,,
1024,2,22,0.6134736520444732,0.428990242097807,,
1024,3,22,0.6135814958364204,0.31263420699854,,
1024,4,22,0.6139924429299363,0.2639420037114066,,
1024,0,23,0.6226585781393426,0.6105681429139234,,
1024,2,23,0.6186370550843989,0.423436161053753,,
1024,3,23,0.6084117929463211,0.29133430259977905,,
1024,4,23,0.6233317851332701,0.2676433216434745,,
1024,0,24,0.6222409524561044,0.6121112875040562,,
1024,2,24,0.6190471843624306,0.42746973004688965,,
1024,3,24,0.6128907757613411,0.29944362673619174,,
1024,4,24,0.6148415238393776,0.26589281066157266,,
1024,0,25,0.6233063792738698,0.625252954295512,,
1024,2,25,0.6189480467645687,0.43918361249960053,,
1024,3,25,0.6182506306760286,0.31642361631814575,,
1024,4,25,0.61324965611451,0.2715538943778081,,
1024,0,26,0.6212167965237833,0.6183379838406619,,
1024,2,26,0.6187165402822519,0.4375575483888479,,
1024,3,26,0.6202068389532523,0.29892584498170366,,
1024,4,26,0.6152416001000701,0.27582112371175554,,
1024,0,27,0.6174147085201764,0.614856654980001,,
1024,2,27,0.615953685647281,0.41300056957772524,,
1024,3,27,0.6200506464800553,0.3230060070736888,,
1024,4,27,0.6194943426531178,0.2780858398225544,,
1024,0,28,0.6247313352072704,0.615179235622006,,
1024,2,28,0.6143804551848218,0.40469428882379593,,
1024,3,28,0.615703584565003,0.3021462009681691,,
1024,4,28,0.6144128358460756,0.2604790802315911,,
1024,0,29,0.6145946127897156,0.6303887463117724,,
1024,2,29,0.6216788457916043,0.4325293898194282,,
1024,3,29,0.6099034024172982,0.3191744196584935,,
1024,4,29,0.6098700713242102,0.277635849479535,,
1024,0,30,0.6194615593514405,0.6049658550426422,,
1024,2,30,0.6137051649539255,0.43467217494501975,,
1024,3,30,0.615935089265541,0.2991439385788819,,
1024,4,30,0.6167120543591321,0.2717129705843041,,
1024,0,31,0.6143112075942608,0.6286341846925516,,
1024,2,31,0.6177890330824468,0.42623103918651156,,
1024,3,31,0.6216702075616166,0.2916506049800895,,
1024,4,31,0.6180433914923639,0.2655246479098078,,
