d,common_modes,common_product,r,m,ambient_dimension,support_dimension,trial,rankr_ratio,qr_rank_margin,max_angular_head_multiplier
2,16,16,32,97,512,194,0,1.3933014618933184,0.06689970467915887,6.264483707314224
3,4x4,16,32,97,512,194,0,1.8849996735619596,0.012783449782852884,6.758286361753964
3,16x16,256,32,97,8192,194,0,2.1762872743993653,0.042249564117222076,15.871742290125606
3,32x32,1024,32,97,32768,194,0,2.260147989673815,0.052185333402046244,16.9407993191202
4,2x2x4,16,32,97,512,194,0,1.7509516755655175,0.0022262030567320634,8.83858988240906
4,8x8x8,512,32,97,16384,194,0,3.0232554869790698,0.017620890664005028,8.439295056694313
2,16,16,32,97,512,194,1,1.6353416381203405,0.04905035353355936,8.299393857268571
3,4x4,16,32,97,512,194,1,1.8298442938996469,0.022062344441526195,8.770073632051083
3,16x16,256,32,97,8192,194,1,2.2218233816867636,0.04273887569061076,9.718590347130855
3,32x32,1024,32,97,32768,194,1,2.2750649107013694,0.04523939363089537,7.029643485241416
4,2x2x4,16,32,97,512,194,1,2.3774562739433716,0.0009967504159325298,9.14831288846745
4,8x8x8,512,32,97,16384,194,1,3.541434850576914,0.012921235687492129,10.912981816100748
2,16,16,32,97,512,194,2,1.4586630631620245,0.054893821895934496,5.461264856526019
3,4x4,16,32,97,512,194,2,1.6453159466935188,0.015928259683704326,8.416980441992132
3,16x16,256,32,97,8192,194,2,1.9327479475470661,0.034936009526556136,8.989919996166053
3,32x32,1024,32,97,32768,194,2,1.9081477290570028,0.04551110962841209,13.931087796620332
4,2x2x4,16,32,97,512,194,2,1.8819716918266283,0.0015004264096559333,8.657498535347086
4,8x8x8,512,32,97,16384,194,2,2.960604949818044,0.018053650299418664,15.306021657883525
2,16,16,32,97,512,194,3,1.5960533365492384,0.056982126577076915,8.231850971500078
3,4x4,16,32,97,512,194,3,1.9066372902427466,0.009691503082094089,6.3379106409619155
3,16x16,256,32,97,8192,194,3,2.3874826825637516,0.02377085454886555,42.90466275216364
3,32x32,1024,32,97,32768,194,3,2.5115449308728994,0.02402529709795079,34.423651106501396
4,2x2x4,16,32,97,512,194,3,2.291078494194597,0.0017654921345622004,12.173988503482413
4,8x8x8,512,32,97,16384,194,3,3.349414334605048,0.014558764635627497,22.192617092426186
2,16,16,32,97,512,194,4,1.3819917860497233,0.04364419047729573,5.266119782308779
3,4x4,16,32,97,512,194,4,1.5236116622888054,0.021168377979779163,6.78009181040909
3,16x16,256,32,97,8192,194,4,1.8267759062845659,0.039595256357033294,6.910964119611196
3,32x32,1024,32,97,32768,194,4,1.7948578697306612,0.04260381710393535,9.911643567052142
4,2x2x4,16,32,97,512,194,4,1.6263459025019347,0.002270542074761175,10.498236034438996
4,8x8x8,512,32,97,16384,194,4,2.5399284431946887,0.022033079977891043,15.010549357374941
2,16,16,32,97,512,194,5,1.4752470235480035,0.047850818618418764,6.723924900374003
3,4x4,16,32,97,512,194,5,1.458813377928342,0.0206688591555183,6.837029140380422
3,16x16,256,32,97,8192,194,5,1.802555809053774,0.06502437548011229,8.859371298369387
3,32x32,1024,32,97,32768,194,5,1.8186786134275699,0.0707686498666329,6.928657839925442
4,2x2x4,16,32,97,512,194,5,1.8071615218038737,0.005399183445149714,10.083030059303546
4,8x8x8,512,32,97,16384,194,5,2.8524287466960003,0.017587632036598345,19.48099083936161
2,16,16,32,97,512,194,6,1.5322572817569204,0.04732800654577379,5.963662184625439
3,4x4,16,32,97,512,194,6,1.543418442372798,0.005587705542076432,7.453692625949736
3,16x16,256,32,97,8192,194,6,1.8214408732495047,0.031119064997497017,9.0411834121614
3,32x32,1024,32,97,32768,194,6,1.907569472902336,0.03537391832608585,12.567121590130311
4,2x2x4,16,32,97,512,194,6,1.668579729486003,0.0005785787028061768,7.787034364049254
4,8x8x8,512,32,97,16384,194,6,2.2956085986199284,0.007009202247754428,41.44643680900158
2,16,16,32,97,512,194,7,1.3913565438381883,0.06177885161475429,8.14082978611038
3,4x4,16,32,97,512,194,7,1.4725223048856586,0.021017759022768038,12.062263824512462
3,16x16,256,32,97,8192,194,7,1.7620221350984018,0.04168451429184693,57.80393981077002
3,32x32,1024,32,97,32768,194,7,1.9019104978695227,0.042676335575300366,57.96001934662395
4,2x2x4,16,32,97,512,194,7,1.7587217903767565,0.0032374796588007337,15.309711133023987
4,8x8x8,512,32,97,16384,194,7,2.380902793216203,0.02226050665885291,60.2877804286875
2,16,16,32,97,512,194,8,1.3976716226847374,0.050937600254334914,6.206955704547214
3,4x4,16,32,97,512,194,8,1.4843679686178146,0.004877851706440802,12.243290507864053
3,16x16,256,32,97,8192,194,8,1.7128108687075478,0.0301274602757741,13.353815280523397
3,32x32,1024,32,97,32768,194,8,1.706035363976619,0.028736856200954192,13.794915041144222
4,2x2x4,16,32,97,512,194,8,1.7301888218695256,0.0028135109838662714,9.349915293571069
4,8x8x8,512,32,97,16384,194,8,2.2932493980269584,0.017336847005576937,14.75796909921804
2,16,16,32,97,512,194,9,1.4634865714705383,0.041945665132174355,7.602015776372481
3,4x4,16,32,97,512,194,9,1.7878141617633652,0.01415396590734323,12.51003498703468
3,16x16,256,32,97,8192,194,9,2.17839372218101,0.01884745121535814,22.115531760206874
3,32x32,1024,32,97,32768,194,9,2.1068640686773032,0.021515017213512615,23.63460669276659
4,2x2x4,16,32,97,512,194,9,1.836031016040765,0.0019436164625011231,12.13940791910032
4,8x8x8,512,32,97,16384,194,9,2.6900946238671297,0.008303464054354585,42.602540434471415
2,16,16,32,97,512,194,10,1.3891963320311438,0.035516178424957794,8.288337670184792
3,4x4,16,32,97,512,194,10,1.725067202328733,0.005578585488872357,8.267704935871054
3,16x16,256,32,97,8192,194,10,1.7823334776938013,0.015535142883091059,20.651730368611254
3,32x32,1024,32,97,32768,194,10,1.877702468840504,0.015090706534497976,25.79993140156899
4,2x2x4,16,32,97,512,194,10,1.919682317995416,0.0018527232744338033,9.053861073102295
4,8x8x8,512,32,97,16384,194,10,2.3928019901886453,0.01375517869779312,9.323373411195162
2,16,16,32,97,512,194,11,1.393161188739698,0.043114698858818204,6.32621902278146
3,4x4,16,32,97,512,194,11,1.4380608799220171,0.0067450418205451885,8.099693952921744
3,16x16,256,32,97,8192,194,11,1.5772226331463022,0.020643309133320003,17.06013615741578
3,32x32,1024,32,97,32768,194,11,1.679582539779081,0.028627490951206456,25.147444739845895
4,2x2x4,16,32,97,512,194,11,1.7245552292214974,0.0007327932829486089,11.324938317652165
4,8x8x8,512,32,97,16384,194,11,2.077546201825215,0.00848082534155074,16.31133462285788
2,16,16,32,97,512,194,12,1.3339137920385842,0.03206118706470453,5.943294527329482
3,4x4,16,32,97,512,194,12,1.5856715037685691,0.00653871098179147,11.415562599287803
3,16x16,256,32,97,8192,194,12,1.731298338408752,0.021004711150760517,13.479942684915233
3,32x32,1024,32,97,32768,194,12,1.755701389071668,0.03023457336729101,9.4349964487653
4,2x2x4,16,32,97,512,194,12,1.5867076647290408,0.001559974132701681,11.420040700799039
4,8x8x8,512,32,97,16384,194,12,2.2106088877159946,0.010347814191080919,24.236758421161856
2,16,16,32,97,512,194,13,1.5481759829338468,0.08088847290644054,5.959459733046975
3,4x4,16,32,97,512,194,13,1.879940162771478,0.022970626224666026,11.294320522809327
3,16x16,256,32,97,8192,194,13,2.3038485921848473,0.024931608678569635,19.60657679923056
3,32x32,1024,32,97,32768,194,13,2.346771289277001,0.030402067352976223,16.202690702911603
4,2x2x4,16,32,97,512,194,13,2.2040408130306757,0.0026368983483031094,6.17554960669222
4,8x8x8,512,32,97,16384,194,13,3.3532185975430187,0.010682969866155701,13.968217834582001
2,16,16,32,97,512,194,14,1.5899241389038539,0.04497239796902883,6.656556268129059
3,4x4,16,32,97,512,194,14,1.892364073708944,0.010471826184039247,9.615281437966475
3,16x16,256,32,97,8192,194,14,2.146374081375865,0.029132715907407396,9.270922751030513
3,32x32,1024,32,97,32768,194,14,2.3454990721576907,0.0315389813296503,6.879746879251749
4,2x2x4,16,32,97,512,194,14,2.2745414326344413,0.00274450200557392,10.88067261204445
4,8x8x8,512,32,97,16384,194,14,3.2011409284972965,0.031330913917493056,13.855697749074443
2,16,16,32,97,512,194,15,1.4922973450005097,0.07575982987487943,7.738604021736298
3,4x4,16,32,97,512,194,15,1.6721837728159379,0.012617012745106033,7.6527622683867085
3,16x16,256,32,97,8192,194,15,1.8294986639541295,0.025763667023314757,12.615604669961295
3,32x32,1024,32,97,32768,194,15,1.8757883055686742,0.03145527496858464,11.197077509934035
4,2x2x4,16,32,97,512,194,15,2.0031204847994863,0.0004515738856390571,11.61851230619574
4,8x8x8,512,32,97,16384,194,15,2.878115833089865,0.006084897148321914,14.080856194679464
2,16,16,32,97,512,194,16,1.493677262764935,0.060392232726978315,6.325025639850571
3,4x4,16,32,97,512,194,16,1.7583246816165685,0.011397075108269053,10.03373195085407
3,16x16,256,32,97,8192,194,16,1.8752793940217567,0.03584112966514943,10.607381300214385
3,32x32,1024,32,97,32768,194,16,1.9145446275720504,0.044700995744289165,10.580387755054513
4,2x2x4,16,32,97,512,194,16,1.7963817889474365,0.006574401307833592,5.753506250759883
4,8x8x8,512,32,97,16384,194,16,2.9063426402153674,0.026142035850285236,7.821430759139076
2,16,16,32,97,512,194,17,1.5036998715132397,0.03517449181758856,5.868320964044613
3,4x4,16,32,97,512,194,17,1.687674914559199,0.008036033222615936,10.043698939076032
3,16x16,256,32,97,8192,194,17,1.8633330632155047,0.017510881981280525,34.014598433687645
3,32x32,1024,32,97,32768,194,17,1.9446349777889738,0.022676367346110234,27.873888760576577
4,2x2x4,16,32,97,512,194,17,1.7794698648187333,0.001204995155761517,10.563363570042618
4,8x8x8,512,32,97,16384,194,17,3.0803930972388764,0.010056291591658191,44.68823701256792
2,16,16,32,97,512,194,18,1.5059753146141919,0.06366022378221832,4.186102424590824
3,4x4,16,32,97,512,194,18,1.7209226134783742,0.016771931210456063,9.543156947623142
3,16x16,256,32,97,8192,194,18,2.0028102513874506,0.04330719403061563,14.505674199457182
3,32x32,1024,32,97,32768,194,18,2.0455439467711285,0.05068882920704821,14.052499642192194
4,2x2x4,16,32,97,512,194,18,2.077958938073383,0.003174689255858537,8.996279910950967
4,8x8x8,512,32,97,16384,194,18,3.4717683492024394,0.016141412434477365,15.436152528701111
2,16,16,32,97,512,194,19,1.4360936693306856,0.0369127107432411,7.729541779143414
3,4x4,16,32,97,512,194,19,1.7196524005783882,0.01137422480716107,7.97480876897787
3,16x16,256,32,97,8192,194,19,1.8603997889070945,0.026621619484673197,9.663364695570626
3,32x32,1024,32,97,32768,194,19,1.8946101372634332,0.026023092629521054,8.539795289084337
4,2x2x4,16,32,97,512,194,19,1.7511630082440819,0.0020927389559402135,9.172022692573337
4,8x8x8,512,32,97,16384,194,19,2.4292070113056994,0.016495901445794874,20.59072280200545
2,16,16,32,97,512,194,20,1.4227884607860721,0.048372794743788465,6.5923484497669245
3,4x4,16,32,97,512,194,20,1.4467154840046188,0.015306981343343356,12.212263372751366
3,16x16,256,32,97,8192,194,20,1.793435728420548,0.03079656444748145,8.478593707949884
3,32x32,1024,32,97,32768,194,20,1.8876738174673422,0.029882336286781667,8.541726266398445
4,2x2x4,16,32,97,512,194,20,1.5078021056579565,0.0014422710900043754,7.843591249904702
4,8x8x8,512,32,97,16384,194,20,2.1081175574285096,0.029929078551886156,7.695674119291336
2,16,16,32,97,512,194,21,1.440847508627606,0.055079204298678894,7.966464711654409
3,4x4,16,32,97,512,194,21,1.57518187318956,0.0042962465965595215,14.082562302880737
3,16x16,256,32,97,8192,194,21,1.9221227548360666,0.026747706045981506,12.417994967904615
3,32x32,1024,32,97,32768,194,21,1.9379533128913207,0.037908030991192616,10.344152358848891
4,2x2x4,16,32,97,512,194,21,1.6642484430697038,0.006216307023004052,10.170478664015652
4,8x8x8,512,32,97,16384,194,21,2.177235827835398,0.011888501305229863,22.649151321813882
2,16,16,32,97,512,194,22,1.3380449743897627,0.058674374822423644,5.866710297537583
3,4x4,16,32,97,512,194,22,1.486850720779462,0.008011901850301286,9.508491318587547
3,16x16,256,32,97,8192,194,22,1.6988344321990931,0.02735348537786505,15.549111811475827
3,32x32,1024,32,97,32768,194,22,1.7093556133741623,0.027413342823156026,14.860112368914534
4,2x2x4,16,32,97,512,194,22,1.6984719867788782,0.0030456542285175713,5.8693532664971055
4,8x8x8,512,32,97,16384,194,22,2.688625718591953,0.015472611416180396,17.419920330728786
2,16,16,32,97,512,194,23,1.5601849674259083,0.04106660763475298,6.861709022675862
3,4x4,16,32,97,512,194,23,1.6005646883961417,0.012002606940125154,9.924037315568492
3,16x16,256,32,97,8192,194,23,1.8981066783951936,0.021371276581408288,21.069008369759946
3,32x32,1024,32,97,32768,194,23,1.9307526738211822,0.025969605790557238,25.053778779368834
4,2x2x4,16,32,97,512,194,23,2.070206067929943,0.0014787261338062335,8.590179402217508
4,8x8x8,512,32,97,16384,194,23,2.7258675653608733,0.014043696215313093,24.095817367217677
2,16,16,32,97,512,194,24,1.533587301657416,0.07305959406979744,5.388083105297509
3,4x4,16,32,97,512,194,24,1.9514496842032003,0.008594753911339287,10.603045343322338
3,16x16,256,32,97,8192,194,24,2.2548088067508747,0.03193636235012866,10.568429100701737
3,32x32,1024,32,97,32768,194,24,2.3533235956342944,0.03694283390823775,8.584339616241085
4,2x2x4,16,32,97,512,194,24,1.6999972374635974,0.0022699275723680676,9.355593506622904
4,8x8x8,512,32,97,16384,194,24,2.9181944391377534,0.00984373969398376,17.45698369069665
2,16,16,32,97,512,194,25,1.38512641270446,0.0704449667747846,6.640538506066983
3,4x4,16,32,97,512,194,25,1.4849245337238652,0.017857859605855647,8.65976779404108
3,16x16,256,32,97,8192,194,25,1.719772418147937,0.029440387261045784,19.900433162801637
3,32x32,1024,32,97,32768,194,25,1.67866644896083,0.030079808686272608,29.849089976102935
4,2x2x4,16,32,97,512,194,25,1.7445627464044113,0.007513830091118658,13.586561319463883
4,8x8x8,512,32,97,16384,194,25,2.2960927768013057,0.01686412822943156,89.84453509984652
2,16,16,32,97,512,194,26,1.4966690682186652,0.03255642179602714,6.9236764771540384
3,4x4,16,32,97,512,194,26,1.5716314471551176,0.007625534358160808,9.120047595690835
3,16x16,256,32,97,8192,194,26,1.6074071754171735,0.03348525707939121,12.539209516466988
3,32x32,1024,32,97,32768,194,26,1.7480851729272802,0.030542996907607027,15.779412315524555
4,2x2x4,16,32,97,512,194,26,1.7538906186759249,0.0013450164081394093,9.36754632193336
4,8x8x8,512,32,97,16384,194,26,2.3952199973926636,0.01604610795747485,12.24382854077035
2,16,16,32,97,512,194,27,1.6231217301838345,0.056016339310147906,4.37402726160547
3,4x4,16,32,97,512,194,27,1.6525362449005554,0.00489632612432857,9.901869190404481
3,16x16,256,32,97,8192,194,27,2.182019188168459,0.024798357866539333,15.41950769015981
3,32x32,1024,32,97,32768,194,27,2.1504141848652765,0.027455404530245392,12.376815516181548
4,2x2x4,16,32,97,512,194,27,1.6859516402165624,4.37978122848216e-05,10.196467488163115
4,8x8x8,512,32,97,16384,194,27,2.349113472005053,0.002941304484414598,46.719105929289896
2,16,16,32,97,512,194,28,1.3223780729669485,0.04853869634013528,8.08003912588832
3,4x4,16,32,97,512,194,28,1.631487095614032,0.005776549350395285,7.689190839513227
3,16x16,256,32,97,8192,194,28,1.7344737494710074,0.012491098041086501,22.87104194592356
3,32x32,1024,32,97,32768,194,28,1.8339587841394032,0.022183449064330646,33.740182235856594
4,2x2x4,16,32,97,512,194,28,1.7822330792405863,0.0004447662913326715,11.856877180043655
4,8x8x8,512,32,97,16384,194,28,2.1437475783687066,0.005065078011784621,46.929444955074416
2,16,16,32,97,512,194,29,1.4810386668935163,0.05016283833841268,9.920175915384773
3,4x4,16,32,97,512,194,29,1.794832063103572,0.008448611872820071,13.645532319569847
3,16x16,256,32,97,8192,194,29,2.0709452593130737,0.025951157230145447,27.214148360311057
3,32x32,1024,32,97,32768,194,29,2.253507253927318,0.03211927838825281,24.271941807040342
4,2x2x4,16,32,97,512,194,29,1.6696940886779934,0.0038751229577982604,9.68382245865919
4,8x8x8,512,32,97,16384,194,29,2.4169963753775776,0.016193192886061695,21.73893545939348
2,16,16,32,97,512,194,30,1.462605846963242,0.031068346599202625,8.876704185241042
3,4x4,16,32,97,512,194,30,1.7377123919800344,0.010530501162802219,9.894776626249806
3,16x16,256,32,97,8192,194,30,2.1742794797317737,0.028193544870694538,14.598832463522198
3,32x32,1024,32,97,32768,194,30,2.2734596194149836,0.034090175268619585,9.354089952268366
4,2x2x4,16,32,97,512,194,30,1.8727513253307246,0.0009447603501126478,14.031950921691225
4,8x8x8,512,32,97,16384,194,30,3.0630713870991113,0.003538078732832669,22.954054075862764
2,16,16,32,97,512,194,31,1.4726425496317717,0.05164586662181735,6.952047949176982
3,4x4,16,32,97,512,194,31,1.5186956900760071,0.0068242719343566335,8.662856179557501
3,16x16,256,32,97,8192,194,31,1.7981054281737936,0.019460375331268414,12.414264486199484
3,32x32,1024,32,97,32768,194,31,1.977636815501279,0.025491194155123804,14.43139111249008
4,2x2x4,16,32,97,512,194,31,1.5781558931863295,0.0007418778428574078,8.978449914802923
4,8x8x8,512,32,97,16384,194,31,2.6249818738728665,0.003627177896385487,66.38407348350401
2,16,16,32,97,512,194,32,1.5326286196944676,0.05085022723566465,4.752581042121861
3,4x4,16,32,97,512,194,32,1.6525787672372694,0.005827535920684903,9.549962031516465
3,16x16,256,32,97,8192,194,32,2.007065326963419,0.01915451666854829,12.326311986306907
3,32x32,1024,32,97,32768,194,32,2.052332464355064,0.01779279070720369,27.176550164889193
4,2x2x4,16,32,97,512,194,32,1.8385192642527344,0.0009061164603323058,9.781429525955161
4,8x8x8,512,32,97,16384,194,32,2.6257647794480974,0.015277826728614297,26.5466265497915
2,16,16,32,97,512,194,33,1.3735195963767646,0.02630014546646387,7.473490331753453
3,4x4,16,32,97,512,194,33,1.8275450643448068,0.008987076017171016,9.726602799265828
3,16x16,256,32,97,8192,194,33,1.9788778537715281,0.024076048561597747,11.399532342235146
3,32x32,1024,32,97,32768,194,33,1.9510311086184209,0.04362018815734153,10.233871996111347
4,2x2x4,16,32,97,512,194,33,1.787707733271806,0.0017615270673421808,9.59681846796151
4,8x8x8,512,32,97,16384,194,33,2.7583731337698767,0.017901175652532745,13.567832861416132
2,16,16,32,97,512,194,34,1.4746425706987096,0.04300424577766017,5.617856523178568
3,4x4,16,32,97,512,194,34,1.6465987720053272,0.008057454660763639,9.446562523624166
3,16x16,256,32,97,8192,194,34,1.9575186118967092,0.02800841381516475,9.568499684822118
3,32x32,1024,32,97,32768,194,34,2.039432436147311,0.032353497782762676,10.326806587167887
4,2x2x4,16,32,97,512,194,34,1.9222756435163493,0.0007966239720253222,9.564133507129029
4,8x8x8,512,32,97,16384,194,34,3.002952833974911,0.013852819828210844,12.765946940149595
2,16,16,32,97,512,194,35,1.4791895142914455,0.04769787710538714,4.221591954629148
3,4x4,16,32,97,512,194,35,1.7987945654790496,0.006523626679582073,9.604089574451733
3,16x16,256,32,97,8192,194,35,2.125348935647835,0.026193835385839602,24.83154685221135
3,32x32,1024,32,97,32768,194,35,2.197841984667088,0.030307679358065494,17.375395474491462
4,2x2x4,16,32,97,512,194,35,1.7187131091112855,0.0025889443434145435,8.835379193904108
4,8x8x8,512,32,97,16384,194,35,2.905807565394805,0.005660890484862151,33.489742555803595
2,16,16,32,97,512,194,36,1.4177355954562338,0.04179038414271523,5.237681531537455
3,4x4,16,32,97,512,194,36,1.5659184541768139,0.012066626851430598,8.730282712175702
3,16x16,256,32,97,8192,194,36,1.9372692320097817,0.045405582255886416,6.6183428231783745
3,32x32,1024,32,97,32768,194,36,1.884029025466126,0.07314470835040685,9.059244780255357
4,2x2x4,16,32,97,512,194,36,1.852848529838483,0.0009669783183944165,9.245652696599697
4,8x8x8,512,32,97,16384,194,36,2.6767499478365027,0.010839039562924233,12.980256681008072
2,16,16,32,97,512,194,37,1.4599159550476384,0.08816640513436923,7.627378813028184
3,4x4,16,32,97,512,194,37,1.6263732658906749,0.016621179631624353,8.925569504083322
3,16x16,256,32,97,8192,194,37,2.009146752801497,0.050855615054130186,9.53947878450979
3,32x32,1024,32,97,32768,194,37,2.0295319701315093,0.052427102325260676,11.258503153691557
4,2x2x4,16,32,97,512,194,37,1.7773274143747957,0.0034396199208902066,9.66851593965734
4,8x8x8,512,32,97,16384,194,37,2.7472662002749555,0.020713849142217047,21.722220202505916
2,16,16,32,97,512,194,38,1.4837163729183265,0.05765096216917136,6.6327779915925005
3,4x4,16,32,97,512,194,38,2.0268259657242513,0.01190572039343359,8.370579345811493
3,16x16,256,32,97,8192,194,38,2.0418574728949457,0.033171311176327545,7.157549823080165
3,32x32,1024,32,97,32768,194,38,2.112803833210685,0.03389211872511189,8.78438861029209
4,2x2x4,16,32,97,512,194,38,2.8315995976956216,0.001226733739543981,11.404658077436839
4,8x8x8,512,32,97,16384,194,38,3.5565157413032376,0.009707809991567598,20.88396406472447
2,16,16,32,97,512,194,39,1.428916229212734,0.04019418363437033,7.00229614379653
3,4x4,16,32,97,512,194,39,1.9397777754192629,0.006015001730243761,8.93164728563392
3,16x16,256,32,97,8192,194,39,2.1732411551055018,0.014356158128105636,26.394227056736423
3,32x32,1024,32,97,32768,194,39,2.1836049952294756,0.02080742246691569,20.482999717933
4,2x2x4,16,32,97,512,194,39,1.955768079217457,0.0016831860259963918,12.991715939126673
4,8x8x8,512,32,97,16384,194,39,3.4426710482622793,0.01883282308123496,14.350206618065956
2,16,16,32,97,512,194,40,1.5286206627554912,0.05274817782741986,4.726428525530191
3,4x4,16,32,97,512,194,40,1.5552437049617396,0.008195739649782773,10.986215924263652
3,16x16,256,32,97,8192,194,40,1.9314357491419334,0.02039313839030977,22.012044958363703
3,32x32,1024,32,97,32768,194,40,2.027184694494077,0.025021572024487886,21.68014397610333
4,2x2x4,16,32,97,512,194,40,1.5724596859210052,0.0031668641670515884,11.539743146354741
4,8x8x8,512,32,97,16384,194,40,2.236166003397844,0.012108240080936306,35.984472885300356
2,16,16,32,97,512,194,41,1.6304834741637853,0.053214717585042384,4.112376704720231
3,4x4,16,32,97,512,194,41,1.6862167178423482,0.007655503269117224,9.105444385360178
3,16x16,256,32,97,8192,194,41,2.0849175994077513,0.01744382328932498,9.656853735591854
3,32x32,1024,32,97,32768,194,41,2.274455846055149,0.02412207016445961,12.90285919141227
4,2x2x4,16,32,97,512,194,41,2.007091415984287,0.002232243736432125,12.330017761935464
4,8x8x8,512,32,97,16384,194,41,3.310805493170876,0.019903921806897932,47.32882077419825
2,16,16,32,97,512,194,42,1.4827757153520924,0.049377609606517846,5.184085404871666
3,4x4,16,32,97,512,194,42,1.561887855835815,0.012656116723571424,7.55978181960208
3,16x16,256,32,97,8192,194,42,1.826066951425788,0.02338070769757596,12.257998584437539
3,32x32,1024,32,97,32768,194,42,1.8295539758349837,0.024624736877070678,12.90303119121427
4,2x2x4,16,32,97,512,194,42,1.8478520156083513,0.00041072827962855286,10.616982024685207
4,8x8x8,512,32,97,16384,194,42,2.26662432714671,0.007176613617890867,34.54471729852621
2,16,16,32,97,512,194,43,1.4658798012982648,0.03600414381709861,9.03828651866354
3,4x4,16,32,97,512,194,43,1.749142693352711,0.007207952852481453,9.242966776699673
3,16x16,256,32,97,8192,194,43,1.8755441929367556,0.012495131034834303,44.751074967058564
3,32x32,1024,32,97,32768,194,43,1.976563389808562,0.011472882638826022,55.87613203410951
4,2x2x4,16,32,97,512,194,43,1.8121237606682956,0.0009968534858801304,8.236463423939792
4,8x8x8,512,32,97,16384,194,43,2.534096411893109,0.005815890271141075,20.55426407981382
2,16,16,32,97,512,194,44,1.5490385646283213,0.0626973527713888,5.222216635944181
3,4x4,16,32,97,512,194,44,1.797873740282013,0.008758959478710582,8.682854143149553
3,16x16,256,32,97,8192,194,44,2.110364263761179,0.024187413042153594,9.076710541022264
3,32x32,1024,32,97,32768,194,44,2.1667543227652226,0.03077840286917017,9.244767399457718
4,2x2x4,16,32,97,512,194,44,1.9335662717420643,0.0003967712219290767,7.921308389402036
4,8x8x8,512,32,97,16384,194,44,2.7300460576688934,0.005246386867731987,15.252509261139066
2,16,16,32,97,512,194,45,1.3590548017535842,0.05128727768541494,8.963218925335795
3,4x4,16,32,97,512,194,45,1.7628263939160873,0.009467671170676808,12.709833512815958
3,16x16,256,32,97,8192,194,45,2.205979825901119,0.04277989765353008,17.622600699421437
3,32x32,1024,32,97,32768,194,45,2.280915671279849,0.05738056308285694,23.543952194820704
4,2x2x4,16,32,97,512,194,45,2.006271174658342,0.000685333086163724,12.152771670830559
4,8x8x8,512,32,97,16384,194,45,2.9308673019323592,0.008450972125343154,38.69031457088467
2,16,16,32,97,512,194,46,1.3667542367875976,0.03194275617340293,7.955755797291916
3,4x4,16,32,97,512,194,46,1.5811832797512007,0.003212531132237902,11.915255505335315
3,16x16,256,32,97,8192,194,46,1.779065740237887,0.021573232790147598,22.66834369401366
3,32x32,1024,32,97,32768,194,46,1.879492788340038,0.027097897184488615,17.026027398370235
4,2x2x4,16,32,97,512,194,46,1.540800683998357,0.0007700465370921359,12.063280084670442
4,8x8x8,512,32,97,16384,194,46,2.1703772486228097,0.005820231832160528,35.013628888095845
2,16,16,32,97,512,194,47,1.5402748226225058,0.05625213011683546,9.132449257152862
3,4x4,16,32,97,512,194,47,1.6328525958988422,0.008475572113466948,7.566910543360103
3,16x16,256,32,97,8192,194,47,1.8940743281955261,0.040287219220584966,11.719747232475942
3,32x32,1024,32,97,32768,194,47,1.8145211252841604,0.03847619635005922,14.4502715307462
4,2x2x4,16,32,97,512,194,47,1.6943406357944508,0.0005500701693150777,10.136325275529517
4,8x8x8,512,32,97,16384,194,47,2.4138616391994843,0.01198010087386783,11.328551765924729
2,16,16,32,97,512,194,48,1.5396193274746643,0.04192567910042902,6.558725942514519
3,4x4,16,32,97,512,194,48,1.7550791281869471,0.00712607270273533,7.5159897369841495
3,16x16,256,32,97,8192,194,48,1.9699558529270667,0.028574457902439086,11.861883773414194
3,32x32,1024,32,97,32768,194,48,2.0647733815015528,0.03138389705847073,10.039535484646326
4,2x2x4,16,32,97,512,194,48,1.6415010590846726,0.004472458388365487,10.000853320507957
4,8x8x8,512,32,97,16384,194,48,2.6151782852317287,0.014162930728212269,23.446154581398467
2,16,16,32,97,512,194,49,1.3443912468411066,0.0669649423657157,4.181283719275389
3,4x4,16,32,97,512,194,49,1.524294233405768,0.013873367296799027,7.793311532829058
3,16x16,256,32,97,8192,194,49,1.6172446576373036,0.022527983307679324,17.6329652582543
3,32x32,1024,32,97,32768,194,49,1.6539361622572677,0.026003735294232826,13.893578358183456
4,2x2x4,16,32,97,512,194,49,1.9185885209068825,0.00412382671987915,12.292689327228766
4,8x8x8,512,32,97,16384,194,49,2.3488117584852413,0.01794789097462311,59.46256791228898
2,16,16,32,97,512,194,50,1.4530905395557074,0.05145287622787681,5.82147888495647
3,4x4,16,32,97,512,194,50,1.6897537076897948,0.01684880239326326,13.08525682757311
3,16x16,256,32,97,8192,194,50,1.9087824341443724,0.031917561437160985,15.417120032922238
3,32x32,1024,32,97,32768,194,50,1.8504157700955637,0.03964272807548756,12.069931851321849
4,2x2x4,16,32,97,512,194,50,1.8710249917415807,0.002053875976132315,11.89417721537659
4,8x8x8,512,32,97,16384,194,50,2.8548526844772235,0.023164384752530104,7.251725018880404
2,16,16,32,97,512,194,51,1.572983864417824,0.043990368856651245,7.016421141684414
3,4x4,16,32,97,512,194,51,1.7402047415966628,0.009435762962783797,8.320714861560058
3,16x16,256,32,97,8192,194,51,2.2042744736955164,0.019567781639901364,13.110730243277201
3,32x32,1024,32,97,32768,194,51,2.094258949629065,0.022773744511788402,15.814580385170478
4,2x2x4,16,32,97,512,194,51,2.3071404755638683,0.0019072996961012117,7.002239932688013
4,8x8x8,512,32,97,16384,194,51,3.0383876179752742,0.010090269253750186,19.29807670538117
2,16,16,32,97,512,194,52,1.5806234322942436,0.06476347900030781,4.774398859545075
3,4x4,16,32,97,512,194,52,1.8298638708122767,0.00564957066485207,9.886800695049974
3,16x16,256,32,97,8192,194,52,2.2144961583787586,0.03922526531315049,13.1395032599127
3,32x32,1024,32,97,32768,194,52,2.1376593678359095,0.03925192006692902,18.553698659325587
4,2x2x4,16,32,97,512,194,52,1.9169017343425492,0.0015789954463982282,8.030133211594585
4,8x8x8,512,32,97,16384,194,52,3.071757426727088,0.01659331265199206,29.175309185908894
2,16,16,32,97,512,194,53,1.4663771059343254,0.0328825688384313,5.917118339635536
3,4x4,16,32,97,512,194,53,1.6311810604330361,0.014311592503185573,11.670266758618205
3,16x16,256,32,97,8192,194,53,1.837348774142869,0.03891747507262441,15.41201609630669
3,32x32,1024,32,97,32768,194,53,1.9519739296803105,0.05328189418823631,13.430137230089708
4,2x2x4,16,32,97,512,194,53,1.8503849179356882,0.0016040266884171771,12.108562369952013
4,8x8x8,512,32,97,16384,194,53,2.5500572970808286,0.006338891562112411,32.42443580533304
2,16,16,32,97,512,194,54,1.5366783144553295,0.04744031106996664,6.703303393812203
3,4x4,16,32,97,512,194,54,1.7988520757337958,0.018857973271634146,9.273267473846344
3,16x16,256,32,97,8192,194,54,2.4550781618727466,0.03072427200393281,23.34043760132409
3,32x32,1024,32,97,32768,194,54,2.4399135193491635,0.03774421748248251,15.654046643666076
4,2x2x4,16,32,97,512,194,54,2.3137097498304917,0.0016979403353091272,13.790561910255835
4,8x8x8,512,32,97,16384,194,54,3.80157896458262,0.019739152057267208,10.900489425536009
2,16,16,32,97,512,194,55,1.575969934121943,0.07439997895353484,5.971159804682838
3,4x4,16,32,97,512,194,55,1.7877503069076242,0.016812895570898385,8.502045027793605
3,16x16,256,32,97,8192,194,55,2.2457693628898623,0.039549998993569806,11.635295632299893
3,32x32,1024,32,97,32768,194,55,2.295653168763823,0.04224202980397601,10.344467488184977
4,2x2x4,16,32,97,512,194,55,2.1687472447273635,0.0017113272009118808,11.417612253674616
4,8x8x8,512,32,97,16384,194,55,3.720230674706645,0.019728790995439043,11.96643872108521
2,16,16,32,97,512,194,56,1.5081424434515687,0.04503497060191596,6.6009070248733765
3,4x4,16,32,97,512,194,56,1.7228735874931616,0.010430288089036288,11.187673225215953
3,16x16,256,32,97,8192,194,56,2.2225835980477453,0.016812551074968273,18.322607142096018
3,32x32,1024,32,97,32768,194,56,2.3567512077267034,0.01785353769157316,20.639737835384746
4,2x2x4,16,32,97,512,194,56,2.0072645840977907,0.0006006699343767567,11.058027284621886
4,8x8x8,512,32,97,16384,194,56,3.253815881018154,0.014040938085715281,10.702073191670685
2,16,16,32,97,512,194,57,1.3213576233008553,0.033931395826679464,6.7823159304612
3,4x4,16,32,97,512,194,57,1.5640868152630794,0.016728945734083893,10.307627466941213
3,16x16,256,32,97,8192,194,57,1.9577199380822967,0.029228793504868008,13.777627625244987
3,32x32,1024,32,97,32768,194,57,2.068543324238726,0.033193477127295895,9.703908888552085
4,2x2x4,16,32,97,512,194,57,1.9132648635224312,0.0020600004211497303,13.004850318831288
4,8x8x8,512,32,97,16384,194,57,3.1897616847505668,0.008601927390342013,24.068835251538324
2,16,16,32,97,512,194,58,1.452933374985716,0.05135643166433837,7.311159748671812
3,4x4,16,32,97,512,194,58,1.8322587600709446,0.014527183350782367,5.990803239795261
3,16x16,256,32,97,8192,194,58,2.068848770373971,0.03300659416578477,9.763270815508799
3,32x32,1024,32,97,32768,194,58,1.9965654489040796,0.04385032253091773,9.69547853155957
4,2x2x4,16,32,97,512,194,58,2.2621255681193055,0.0013754882661477083,6.9785111013501995
4,8x8x8,512,32,97,16384,194,58,2.912028937930925,0.019419631513016917,32.82809441404027
2,16,16,32,97,512,194,59,1.4499949426599161,0.08427358598019508,6.508857361567481
3,4x4,16,32,97,512,194,59,1.7479368198060103,0.009007646660399292,9.692463676651126
3,16x16,256,32,97,8192,194,59,1.9880225196411936,0.031228088663751628,16.92345455530709
3,32x32,1024,32,97,32768,194,59,2.060056249356913,0.039719724067907886,22.85020675459784
4,2x2x4,16,32,97,512,194,59,1.511366184730628,0.0011924445514041417,10.45044527455993
4,8x8x8,512,32,97,16384,194,59,2.1657029626435595,0.014275486347427856,37.121612411313244
2,16,16,32,97,512,194,60,1.5650538520846542,0.03282015793172467,6.656630398934563
3,4x4,16,32,97,512,194,60,1.6289577150080823,0.012512605957801024,9.408588588484461
3,16x16,256,32,97,8192,194,60,2.0781949825096824,0.04083050550029439,30.689148692269082
3,32x32,1024,32,97,32768,194,60,2.271006488487756,0.05176403393060038,25.17335380985781
4,2x2x4,16,32,97,512,194,60,1.9553006147005823,0.001609866695659473,12.673000588966474
4,8x8x8,512,32,97,16384,194,60,3.3970805170823386,0.008528252126845966,85.25012411039413
2,16,16,32,97,512,194,61,1.387719038306488,0.05040011749939382,7.048082117148665
3,4x4,16,32,97,512,194,61,1.5997079102031302,0.00533819943282335,7.221207035422731
3,16x16,256,32,97,8192,194,61,1.7491048602928072,0.017610066618234645,14.301397190035887
3,32x32,1024,32,97,32768,194,61,1.7908534235393372,0.01948933844527125,19.635680167070376
4,2x2x4,16,32,97,512,194,61,1.610082371099603,0.0017666323272167407,13.408846036100334
4,8x8x8,512,32,97,16384,194,61,2.271834111459941,0.011715813437826022,17.503440791063383
2,16,16,32,97,512,194,62,1.6024330722607851,0.04706534488004086,5.462881592448545
3,4x4,16,32,97,512,194,62,2.189217536598915,0.004867461552819834,8.300972739663727
3,16x16,256,32,97,8192,194,62,2.431202477581766,0.022570374830688692,12.51858012882776
3,32x32,1024,32,97,32768,194,62,2.583240834664868,0.0271557125094666,16.172895765522668
4,2x2x4,16,32,97,512,194,62,2.3623720413696105,0.00037731604321090636,12.035348458518062
4,8x8x8,512,32,97,16384,194,62,3.781503484222378,0.005951167640668474,126.94195262906011
2,16,16,32,97,512,194,63,1.5327647861605684,0.06539180832094846,6.576620851671633
3,4x4,16,32,97,512,194,63,1.776966216547605,0.008363215090004102,8.595821428635768
3,16x16,256,32,97,8192,194,63,2.048633371097811,0.02150093407556971,15.057025857041204
3,32x32,1024,32,97,32768,194,63,2.002903467311614,0.024480776940142116,24.674913278174824
4,2x2x4,16,32,97,512,194,63,1.8086282546348893,0.0008048031257709567,10.4662791282766
4,8x8x8,512,32,97,16384,194,63,3.239696571886558,0.011007977193123032,28.456233580533027
2,16,16,32,97,512,194,64,1.5020469408283157,0.05143735002390533,7.774685656557174
3,4x4,16,32,97,512,194,64,1.9266370994152286,0.028826759845131347,11.08359588681439
3,16x16,256,32,97,8192,194,64,2.716648868164175,0.04697031078374337,8.500765977226841
3,32x32,1024,32,97,32768,194,64,2.6942620774968784,0.05677322593068018,9.57774835023272
4,2x2x4,16,32,97,512,194,64,2.2120730339969223,0.002422638910027384,7.21047274245525
4,8x8x8,512,32,97,16384,194,64,4.638529083946349,0.013003430782151913,19.628651090929235
2,16,16,32,97,512,194,65,1.5461992226857675,0.04621072900699774,4.619342442072692
3,4x4,16,32,97,512,194,65,1.6243514889579924,0.008387811065199476,8.749745839793556
3,16x16,256,32,97,8192,194,65,1.8715366970244762,0.030190062058894226,9.10878989402399
3,32x32,1024,32,97,32768,194,65,1.9944267343330089,0.034235176564893936,9.28573154796413
4,2x2x4,16,32,97,512,194,65,1.5687446482570158,0.00046992195158637723,12.313789052939404
4,8x8x8,512,32,97,16384,194,65,2.5243449387651227,0.011653979817453957,11.472247318387739
2,16,16,32,97,512,194,66,1.485445124795691,0.053631318662445616,5.146191428865935
3,4x4,16,32,97,512,194,66,1.832436734578214,0.012423419201143341,10.014387758767258
3,16x16,256,32,97,8192,194,66,2.065851363916889,0.03051784258196272,9.534972617708089
3,32x32,1024,32,97,32768,194,66,2.2507945506516682,0.03695320705988803,12.26044058276431
4,2x2x4,16,32,97,512,194,66,1.6328103396266873,0.0020235173566422217,13.85148315154527
4,8x8x8,512,32,97,16384,194,66,2.3140423254208367,0.01915267567801315,42.47269573530574
2,16,16,32,97,512,194,67,1.657913885147878,0.06563392790351603,9.629789021562047
3,4x4,16,32,97,512,194,67,1.7724175912345903,0.013652651841262223,7.638689119189398
3,16x16,256,32,97,8192,194,67,2.3027197994178445,0.04260342300562018,12.56281755189681
3,32x32,1024,32,97,32768,194,67,2.437808929938746,0.04243656214974895,11.331502211871237
4,2x2x4,16,32,97,512,194,67,1.9517937362783353,0.00612846181502039,12.995748558695437
4,8x8x8,512,32,97,16384,194,67,3.435006105051459,0.019701216323294544,19.56646457168841
2,16,16,32,97,512,194,68,1.4206387799669788,0.05986188477790124,6.048570738908508
3,4x4,16,32,97,512,194,68,1.687660501536361,0.02587507078003255,8.859481643911762
3,16x16,256,32,97,8192,194,68,1.9658360287424546,0.04151526970023692,10.300792735863553
3,32x32,1024,32,97,32768,194,68,1.9294447766879381,0.044908496351218845,11.743949526067937
4,2x2x4,16,32,97,512,194,68,1.7401068834087936,0.0020539072860175154,12.047101975892831
4,8x8x8,512,32,97,16384,194,68,2.7121304504903017,0.008668754019799205,16.0479078062893
2,16,16,32,97,512,194,69,1.4993708989538508,0.051233973620661684,7.263638845219826
3,4x4,16,32,97,512,194,69,1.67149696664499,0.025271162970350616,9.266175374482248
3,16x16,256,32,97,8192,194,69,2.114053692083091,0.032644063716145526,57.92856987703341
3,32x32,1024,32,97,32768,194,69,2.264205254949156,0.03206513509174739,58.77569023255993
4,2x2x4,16,32,97,512,194,69,1.829460184756103,0.0031144026804617786,8.176365028417544
4,8x8x8,512,32,97,16384,194,69,2.8252475904204664,0.005555635560120207,42.15836598512208
2,16,16,32,97,512,194,70,1.4734111172639381,0.06716445042028742,5.035552564525842
3,4x4,16,32,97,512,194,70,1.5112234564643512,0.013619301672861206,8.022511529131814
3,16x16,256,32,97,8192,194,70,1.8301871623096093,0.023603103223710082,13.484174755209244
3,32x32,1024,32,97,32768,194,70,1.8496724676745115,0.0388427192731168,19.12142106123026
4,2x2x4,16,32,97,512,194,70,1.5225774999368418,0.005885602482532689,10.72013362377421
4,8x8x8,512,32,97,16384,194,70,2.4276447794632467,0.013159737245062267,60.17215426148435
2,16,16,32,97,512,194,71,1.6556695479720815,0.07919458139400971,6.711733322805994
3,4x4,16,32,97,512,194,71,1.6878930855468588,0.020421280233603564,6.9556793279497855
3,16x16,256,32,97,8192,194,71,2.135188517131021,0.03874582490703214,12.218794867364904
3,32x32,1024,32,97,32768,194,71,2.1911166884224387,0.04731239277414287,19.40179201311653
4,2x2x4,16,32,97,512,194,71,1.84877854224679,0.004448025598213178,6.92552184560333
4,8x8x8,512,32,97,16384,194,71,2.535443334943425,0.015328041895665131,17.51155065342856
2,16,16,32,97,512,194,72,1.590705612022743,0.0621005807908248,5.8976868046303625
3,4x4,16,32,97,512,194,72,1.8917484855843432,0.03279737267689876,11.563533152409995
3,16x16,256,32,97,8192,194,72,2.141950449584666,0.0375785292526018,5.389393512400875
3,32x32,1024,32,97,32768,194,72,2.188579755579127,0.04922383088668634,6.881958440572309
4,2x2x4,16,32,97,512,194,72,1.8512799038208703,0.00300119836796094,9.679034675530989
4,8x8x8,512,32,97,16384,194,72,3.2162343111159313,0.02022222376973023,5.31692996235151
2,16,16,32,97,512,194,73,1.574502305888437,0.05327990320894329,4.864823657355173
3,4x4,16,32,97,512,194,73,2.2910004815685667,0.02216639770999307,8.04762807807953
3,16x16,256,32,97,8192,194,73,2.556679990217366,0.050921784422002986,8.767648922319358
3,32x32,1024,32,97,32768,194,73,2.6143624415354507,0.05957895147840873,11.89917289988727
4,2x2x4,16,32,97,512,194,73,2.3249387437934783,0.0031381030195768715,7.664989503415804
4,8x8x8,512,32,97,16384,194,73,3.992754153705883,0.02403377316649605,7.561821599315266
2,16,16,32,97,512,194,74,1.5107644743053026,0.03703247793996502,7.311237895948232
3,4x4,16,32,97,512,194,74,1.619705377219307,0.009994454607459862,11.553859154436294
3,16x16,256,32,97,8192,194,74,1.8952167364745471,0.02679812063904858,17.320265827566175
3,32x32,1024,32,97,32768,194,74,1.8932828444133145,0.02590299172646851,11.302562703876708
4,2x2x4,16,32,97,512,194,74,1.991750053325481,0.0014858659880539055,11.624642205792588
4,8x8x8,512,32,97,16384,194,74,3.2024927704579214,0.005030074292909778,35.39966955916123
2,16,16,32,97,512,194,75,1.3947445275744854,0.03396897269980086,7.521911021709503
3,4x4,16,32,97,512,194,75,1.43781142842331,0.014343826196621863,12.530368512544126
3,16x16,256,32,97,8192,194,75,1.6671188143082218,0.03251364507127873,19.76211083477888
3,32x32,1024,32,97,32768,194,75,1.6399988330736206,0.041037357171387456,33.9410163419216
4,2x2x4,16,32,97,512,194,75,1.436240790014992,0.0024626121160346466,11.111460440566127
4,8x8x8,512,32,97,16384,194,75,1.9712304117511303,0.006954170521459968,32.6784548368984
2,16,16,32,97,512,194,76,1.4446504186496174,0.04693204732942447,8.311154229709878
3,4x4,16,32,97,512,194,76,1.566253282492323,0.010981669207860591,8.747586298985956
3,16x16,256,32,97,8192,194,76,1.742857484551854,0.024948563452554775,17.567992596342272
3,32x32,1024,32,97,32768,194,76,1.8810272566001593,0.03706581536218729,20.380379961429234
4,2x2x4,16,32,97,512,194,76,1.866606979794735,0.00041695107077247733,10.737509918267467
4,8x8x8,512,32,97,16384,194,76,2.361225971329833,0.009513812492950253,33.30509931664358
2,16,16,32,97,512,194,77,1.4969882102134047,0.040517907083982334,8.030944469222355
3,4x4,16,32,97,512,194,77,1.6343752064718644,0.014041579859426907,8.228718292659142
3,16x16,256,32,97,8192,194,77,1.7575899207451773,0.0312186500268638,26.12446858525073
3,32x32,1024,32,97,32768,194,77,1.901067932390881,0.04165327413460674,17.01304346817979
4,2x2x4,16,32,97,512,194,77,1.885766730573656,0.003720712534470564,8.671450994396075
4,8x8x8,512,32,97,16384,194,77,2.673454980592079,0.02900666635965032,20.673203176211274
2,16,16,32,97,512,194,78,1.5710395695721673,0.0613583414478859,5.814876475546823
3,4x4,16,32,97,512,194,78,2.038714676631658,0.007980794842132244,12.342813722301438
3,16x16,256,32,97,8192,194,78,2.1995613972687957,0.024878611341845085,14.022888884940981
3,32x32,1024,32,97,32768,194,78,2.366606798608556,0.036962298014752086,26.276029816884094
4,2x2x4,16,32,97,512,194,78,2.0315572347992648,0.004353759124105726,5.566127362114228
4,8x8x8,512,32,97,16384,194,78,2.774361511241392,0.020506426625978923,7.997986978313078
2,16,16,32,97,512,194,79,1.4726010322435723,0.04063881721894349,9.197435016166594
3,4x4,16,32,97,512,194,79,1.671030176233541,0.002113373210720372,6.182012173217284
3,16x16,256,32,97,8192,194,79,1.9880194352482528,0.02243572740283681,10.479719064148217
3,32x32,1024,32,97,32768,194,79,2.120602637375712,0.03544695886227937,9.842617378672639
4,2x2x4,16,32,97,512,194,79,1.9398116642590717,0.000351725964384611,12.753202758392455
4,8x8x8,512,32,97,16384,194,79,3.1604307235202245,0.00669244879334093,24.1024048025089
2,16,16,32,97,512,194,80,1.3986315789153685,0.044929570754713995,5.760144754824677
3,4x4,16,32,97,512,194,80,1.731929778696351,0.005698987714227862,11.419727140184017
3,16x16,256,32,97,8192,194,80,1.8153850366220925,0.01791482198210732,22.257040612068046
3,32x32,1024,32,97,32768,194,80,1.9083416345436053,0.01627027568127772,21.924734499631548
4,2x2x4,16,32,97,512,194,80,1.5479375702938944,0.0005323286841874181,12.493238638231901
4,8x8x8,512,32,97,16384,194,80,2.7418482417425114,0.008355904908085432,20.363065580234768
2,16,16,32,97,512,194,81,1.4550395583148268,0.05033423820107269,8.014656263326433
3,4x4,16,32,97,512,194,81,1.8203604168690104,0.016960807622289836,9.233700611820261
3,16x16,256,32,97,8192,194,81,2.01073436489599,0.04611717043846859,10.911543210151592
3,32x32,1024,32,97,32768,194,81,1.9996567271994021,0.050842523981240874,19.436116211992687
4,2x2x4,16,32,97,512,194,81,1.6639341124761646,0.0023179155887081775,12.612238229700601
4,8x8x8,512,32,97,16384,194,81,2.5334185763986756,0.012319764070009669,26.533402667534066
2,16,16,32,97,512,194,82,1.622923208941387,0.03715727292865978,5.014742139398217
3,4x4,16,32,97,512,194,82,2.048050236045862,0.005827838314353934,8.447642513695982
3,16x16,256,32,97,8192,194,82,2.315684198309918,0.014187813397934006,23.026162134589647
3,32x32,1024,32,97,32768,194,82,2.2190048090565027,0.023321595439596214,15.128208226694385
4,2x2x4,16,32,97,512,194,82,2.0836581843714415,0.00329940186005716,13.681620097026503
4,8x8x8,512,32,97,16384,194,82,3.2053861738331126,0.018161059624416873,87.82269614975651
2,16,16,32,97,512,194,83,1.4849974526879426,0.053948691720008456,6.2690048886769105
3,4x4,16,32,97,512,194,83,1.4661088430874387,0.01366772995478993,12.17893951214166
3,16x16,256,32,97,8192,194,83,1.62118287870458,0.033244396031128935,21.449885992135943
3,32x32,1024,32,97,32768,194,83,1.6772107601967643,0.0403153392507652,22.501522593266184
4,2x2x4,16,32,97,512,194,83,1.490025738150978,0.0007440777244449027,12.993726453360365
4,8x8x8,512,32,97,16384,194,83,2.181344215424192,0.010909738580923372,54.78542730950043
2,16,16,32,97,512,194,84,1.5007103900997714,0.03389496671341732,4.381669421603292
3,4x4,16,32,97,512,194,84,1.739523431451678,0.00830525516741285,8.19604934987608
3,16x16,256,32,97,8192,194,84,1.8303485696347612,0.026325560146384288,16.960274486009737
3,32x32,1024,32,97,32768,194,84,1.9058680911209676,0.030890647816867678,13.17691200131979
4,2x2x4,16,32,97,512,194,84,1.8770759858183743,0.002485488516059246,11.324294973570746
4,8x8x8,512,32,97,16384,194,84,2.6683340155979063,0.014473587566178338,14.402306387217038
2,16,16,32,97,512,194,85,1.411002745223791,0.03928444557597165,5.354246655013704
3,4x4,16,32,97,512,194,85,1.4697052982320473,0.01975449682974429,8.358902005439754
3,16x16,256,32,97,8192,194,85,1.7258069984370155,0.031958824305855456,13.594712920158598
3,32x32,1024,32,97,32768,194,85,1.7499828467316951,0.041380859458517064,20.806371734345333
4,2x2x4,16,32,97,512,194,85,1.4588977969509433,0.004584106777538492,12.416732051375797
4,8x8x8,512,32,97,16384,194,85,1.949247697309536,0.019674856715075014,20.760174590237305
2,16,16,32,97,512,194,86,1.481811262822267,0.03585926988544621,7.535741139372125
3,4x4,16,32,97,512,194,86,2.022054626235738,0.011550875232191072,6.969100542771298
3,16x16,256,32,97,8192,194,86,2.3352730111013464,0.035131800436400136,15.296610837747515
3,32x32,1024,32,97,32768,194,86,2.421657688825169,0.04229300666517784,9.835996650842084
4,2x2x4,16,32,97,512,194,86,2.467656499635625,0.002256988652121047,13.286781492201658
4,8x8x8,512,32,97,16384,194,86,3.9246439536665627,0.02739815855002759,8.483945058499359
2,16,16,32,97,512,194,87,1.6877902296209273,0.04582731607801388,6.894738045544654
3,4x4,16,32,97,512,194,87,1.809033075587785,0.014566392064216895,8.42765535267294
3,16x16,256,32,97,8192,194,87,2.2376637335832608,0.036624861931304195,11.282654556722827
3,32x32,1024,32,97,32768,194,87,2.2897624215307717,0.04535147988432731,15.23968359396487
4,2x2x4,16,32,97,512,194,87,1.7568514019464605,0.0024921057651812258,10.147887491100308
4,8x8x8,512,32,97,16384,194,87,3.058617508013781,0.017541990366540843,26.616970301543358
2,16,16,32,97,512,194,88,1.53188165980464,0.02950409046300481,5.562608532237345
3,4x4,16,32,97,512,194,88,1.6311732467256286,0.006334659842749141,6.899590940487476
3,16x16,256,32,97,8192,194,88,2.2167085992073794,0.04115929338101133,7.961788424032542
3,32x32,1024,32,97,32768,194,88,2.306314930443775,0.049032666951684185,6.090921122092548
4,2x2x4,16,32,97,512,194,88,1.9612099940688223,0.003100652447504111,10.737010979354357
4,8x8x8,512,32,97,16384,194,88,3.482378511795961,0.018847293535529542,27.315309268357353
2,16,16,32,97,512,194,89,1.4439115259502404,0.06362620092612521,6.098390516278973
3,4x4,16,32,97,512,194,89,1.4756247423072666,0.008329475688863868,8.292694426987188
3,16x16,256,32,97,8192,194,89,1.558727088748629,0.029948934522089018,9.046183043271762
3,32x32,1024,32,97,32768,194,89,1.6223517700333305,0.03279079283100694,11.603370785042777
4,2x2x4,16,32,97,512,194,89,1.748723334681774,0.0009274307759900168,8.30786025695059
4,8x8x8,512,32,97,16384,194,89,2.183062484426591,0.022073659393668062,10.659124744900764
2,16,16,32,97,512,194,90,1.4521639039482206,0.04605741682610306,4.534264522920286
3,4x4,16,32,97,512,194,90,1.6024374939646044,0.012587122564991185,10.07220958872725
3,16x16,256,32,97,8192,194,90,1.934959228426112,0.01991422764955314,25.64118114883976
3,32x32,1024,32,97,32768,194,90,1.9535158868237685,0.026775055404513172,33.480043830640746
4,2x2x4,16,32,97,512,194,90,1.8982857394325516,0.0003885619312027693,9.891409468164822
4,8x8x8,512,32,97,16384,194,90,2.5933569435226587,0.004727239995160836,47.93538122951627
2,16,16,32,97,512,194,91,1.3571133022688495,0.05794643538166987,6.192698935486073
3,4x4,16,32,97,512,194,91,1.8663981923502502,0.012238452878039383,9.419380583084903
3,16x16,256,32,97,8192,194,91,1.9814798622171625,0.028984562694358836,13.203575896497087
3,32x32,1024,32,97,32768,194,91,1.9673431631445064,0.0317044726583046,16.73056721534102
4,2x2x4,16,32,97,512,194,91,2.0235248364180967,0.0031626172073108087,6.579910486479748
4,8x8x8,512,32,97,16384,194,91,2.7684311263282275,0.011580523082543826,9.322491879431162
2,16,16,32,97,512,194,92,1.5377948114746043,0.03396437628939312,7.550744207889483
3,4x4,16,32,97,512,194,92,1.7804706160241115,0.013120858852955762,12.056962703305249
3,16x16,256,32,97,8192,194,92,2.3887131087105793,0.03907390245349963,23.072613581385806
3,32x32,1024,32,97,32768,194,92,2.532164493226227,0.04334882835003741,12.10151854594335
4,2x2x4,16,32,97,512,194,92,2.1006364578668792,0.001971109731687332,10.347083232822433
4,8x8x8,512,32,97,16384,194,92,3.726006132871239,0.01581029954585216,18.239129867262562
2,16,16,32,97,512,194,93,1.5083468086724219,0.05633103569377899,8.506020147292913
3,4x4,16,32,97,512,194,93,1.9670512299768914,0.009315415769993332,8.652451637046333
3,16x16,256,32,97,8192,194,93,2.2548764404356247,0.03489595450419281,16.178146023941476
3,32x32,1024,32,97,32768,194,93,2.3375321676426117,0.041980886055538506,19.52634999736451
4,2x2x4,16,32,97,512,194,93,2.0051619997113637,0.0039060791727719042,14.879381879990998
4,8x8x8,512,32,97,16384,194,93,3.2588282048416457,0.023748939083760422,41.04649185153514
2,16,16,32,97,512,194,94,1.5098289468130974,0.057989097914262586,6.232585581675763
3,4x4,16,32,97,512,194,94,1.7276909639411673,0.023003869438599833,10.589719391122593
3,16x16,256,32,97,8192,194,94,2.1271353400857995,0.05006506214586275,17.7762367105685
3,32x32,1024,32,97,32768,194,94,2.0285709595002617,0.044562276613438874,19.326353091678694
4,2x2x4,16,32,97,512,194,94,1.9388831901231836,0.004684437046472979,8.500090154912344
4,8x8x8,512,32,97,16384,194,94,2.7779351587072805,0.027249996624068278,35.95288661903468
2,16,16,32,97,512,194,95,1.6869491525072253,0.0654532351459503,8.101363402374137
3,4x4,16,32,97,512,194,95,1.8057196030220122,0.011309391903728178,10.468326561266187
3,16x16,256,32,97,8192,194,95,2.2937047359528497,0.0268558286902228,18.996168723527447
3,32x32,1024,32,97,32768,194,95,2.4553181074179804,0.029319538136113966,17.16733442471948
4,2x2x4,16,32,97,512,194,95,2.011786695206383,0.0021579977084263606,13.897506206785597
4,8x8x8,512,32,97,16384,194,95,4.08473786053205,0.01714638117004791,25.92669798718219
2,16,16,32,97,512,194,96,1.5120775042388628,0.049852904334231056,4.578080195803266
3,4x4,16,32,97,512,194,96,1.7760670726802439,0.010468282079821634,10.232706087088081
3,16x16,256,32,97,8192,194,96,1.9070255701880834,0.030220065746633912,12.908067874535375
3,32x32,1024,32,97,32768,194,96,1.9844585591032535,0.039753017506329466,11.538699494412981
4,2x2x4,16,32,97,512,194,96,2.4489394887631732,0.000915545591020729,11.819964839780493
4,8x8x8,512,32,97,16384,194,96,3.2314627853803612,0.005003176709767863,35.9821183348819
2,16,16,32,97,512,194,97,1.4546170035844919,0.05359229852645447,5.568480354890623
3,4x4,16,32,97,512,194,97,1.6265468627514799,0.008739289577567848,10.336095046053781
3,16x16,256,32,97,8192,194,97,1.8296985740175524,0.015587539866096975,23.487978638476974
3,32x32,1024,32,97,32768,194,97,1.9065538698499807,0.029518162644848796,21.871217602117788
4,2x2x4,16,32,97,512,194,97,2.011734181464517,0.0014062921601124343,9.47226766157069
4,8x8x8,512,32,97,16384,194,97,2.436403141188917,0.006651554370331585,9.871594090183319
2,16,16,32,97,512,194,98,1.4304169883145406,0.07431572901373337,5.3153358213283335
3,4x4,16,32,97,512,194,98,1.767587582499654,0.007069390893416727,7.503217553279544
3,16x16,256,32,97,8192,194,98,2.0708447926243103,0.039339277510797264,13.625872668572196
3,32x32,1024,32,97,32768,194,98,2.1141286716753154,0.042884487794883464,10.525152099405062
4,2x2x4,16,32,97,512,194,98,1.8624792789649027,0.0020603515763167575,13.350979644759393
4,8x8x8,512,32,97,16384,194,98,2.6775550310806953,0.01464619098470111,27.944122577565828
2,16,16,32,97,512,194,99,1.4327185742401711,0.04906030014238583,5.90810883803708
3,4x4,16,32,97,512,194,99,1.7850362670797872,0.013252687343332157,13.315584679623383
3,16x16,256,32,97,8192,194,99,2.2274955435328208,0.025642670580840916,14.876181806313364
3,32x32,1024,32,97,32768,194,99,2.205701134855149,0.029823052002258803,21.902917531257412
4,2x2x4,16,32,97,512,194,99,1.8264768490416594,0.0015487309242386588,9.790157160036253
4,8x8x8,512,32,97,16384,194,99,3.251354904984488,0.008526124756999116,24.239812207889464
2,16,16,32,97,512,194,100,1.3970306134335768,0.051579909738896895,6.701836792110796
3,4x4,16,32,97,512,194,100,1.6643636599609741,0.009088149223554234,11.372358767658426
3,16x16,256,32,97,8192,194,100,1.683099185536479,0.022040023395071617,26.507096775108145
3,32x32,1024,32,97,32768,194,100,1.7169258599017974,0.02497874362079214,31.944108778279183
4,2x2x4,16,32,97,512,194,100,1.6739239734962217,0.0030396452186239103,9.856631370460676
4,8x8x8,512,32,97,16384,194,100,2.288957879310015,0.006905138537267069,27.087647719626183
2,16,16,32,97,512,194,101,1.41767713181946,0.040313123162293726,5.041591992816157
3,4x4,16,32,97,512,194,101,1.7687853960374502,0.009049523519361015,7.2873463529733
3,16x16,256,32,97,8192,194,101,1.9707961359849864,0.019003017702738188,7.34948684298973
3,32x32,1024,32,97,32768,194,101,2.07523074137866,0.02609999227768776,12.400827181949763
4,2x2x4,16,32,97,512,194,101,1.8109533177120984,0.000366283667502427,10.113644251321423
4,8x8x8,512,32,97,16384,194,101,2.5693922548865533,0.00813758546310879,14.971360359637252
2,16,16,32,97,512,194,102,1.3592514737679093,0.05099163191623942,4.571309628236709
3,4x4,16,32,97,512,194,102,1.5791507947212664,0.008484978753662125,10.572371980950056
3,16x16,256,32,97,8192,194,102,1.7345202332460274,0.017062569173967743,12.48331992392663
3,32x32,1024,32,97,32768,194,102,1.7687456462707454,0.02311730679483936,12.42163192139816
4,2x2x4,16,32,97,512,194,102,1.7574301594062027,0.0023801843598853455,7.700820882673222
4,8x8x8,512,32,97,16384,194,102,2.2811076888334227,0.01256787559542411,28.589142246670452
2,16,16,32,97,512,194,103,1.4959355976364193,0.04137549892642878,6.6515385794081645
3,4x4,16,32,97,512,194,103,1.8645481896168383,0.022376051490587794,11.06201872723734
3,16x16,256,32,97,8192,194,103,2.167975776252546,0.04225283586006337,10.96076521821954
3,32x32,1024,32,97,32768,194,103,2.278288060893842,0.048115993470094834,9.577088269486037
4,2x2x4,16,32,97,512,194,103,2.1340333385663053,0.0010033336610558977,7.529910947687459
4,8x8x8,512,32,97,16384,194,103,3.4927401705420302,0.015493516549949161,15.257333703630824
2,16,16,32,97,512,194,104,1.4972579942207462,0.052263111997017817,6.486319693643778
3,4x4,16,32,97,512,194,104,1.725047891588118,0.010730887004007547,9.481769133860855
3,16x16,256,32,97,8192,194,104,2.2118296872479064,0.024721787366965783,17.854400844573075
3,32x32,1024,32,97,32768,194,104,2.303774953765052,0.03910053109599728,21.180382216899694
4,2x2x4,16,32,97,512,194,104,1.842900401153933,0.0020403789710286145,9.455691058526508
4,8x8x8,512,32,97,16384,194,104,2.6857638160820985,0.018862937768092922,25.012661577939646
2,16,16,32,97,512,194,105,1.4912007628188753,0.05645730346316311,7.784551429156218
3,4x4,16,32,97,512,194,105,1.6756901297472115,0.007089832604866474,9.523993363021331
3,16x16,256,32,97,8192,194,105,1.9464582873940128,0.031977621630470986,14.903672614070882
3,32x32,1024,32,97,32768,194,105,1.9352653641014708,0.03438644372786735,12.352410868417733
4,2x2x4,16,32,97,512,194,105,2.1222960657748144,0.000719105111169274,11.234775563174589
4,8x8x8,512,32,97,16384,194,105,2.59038124375241,0.006722697180932832,28.184406541143325
2,16,16,32,97,512,194,106,1.4681559419822758,0.04663746937279114,8.125262644721612
3,4x4,16,32,97,512,194,106,1.4445686720661417,0.004223984771924475,10.587489817979352
3,16x16,256,32,97,8192,194,106,1.5385936883370177,0.02176887267563884,22.547681010708946
3,32x32,1024,32,97,32768,194,106,1.585933391868961,0.018429463435101864,21.22589008042205
4,2x2x4,16,32,97,512,194,106,1.6832189568410392,0.001896063046019351,8.154784342060807
4,8x8x8,512,32,97,16384,194,106,2.0878229660342535,0.006356934557826711,24.83752168774497
2,16,16,32,97,512,194,107,1.548271394240774,0.066720277718353,9.00191732571711
3,4x4,16,32,97,512,194,107,1.6638667070038153,0.015980292011899908,13.580990186300344
3,16x16,256,32,97,8192,194,107,1.9222848588667296,0.037718803270879855,39.71980052030595
3,32x32,1024,32,97,32768,194,107,2.028348349872233,0.049925155761354284,19.759637027626844
4,2x2x4,16,32,97,512,194,107,1.8239873734416938,0.004771567475678638,11.813817145081815
4,8x8x8,512,32,97,16384,194,107,2.732531844084077,0.017372296469252806,18.24830009611679
2,16,16,32,97,512,194,108,1.6490642050706512,0.05835399855245141,6.274375152807517
3,4x4,16,32,97,512,194,108,2.0549752964544985,0.020119245710840054,10.375990875698921
3,16x16,256,32,97,8192,194,108,2.688336620760478,0.05775183357210655,9.68752589900312
3,32x32,1024,32,97,32768,194,108,2.65885426180147,0.07060551445256182,9.430180220540166
4,2x2x4,16,32,97,512,194,108,1.7572398808778176,0.0031263298610766047,8.709117345758642
4,8x8x8,512,32,97,16384,194,108,3.6552002389229346,0.009695789389188905,43.02631020540552
2,16,16,32,97,512,194,109,1.3374571533191006,0.034809213991131537,4.840558683055994
3,4x4,16,32,97,512,194,109,1.6409877048031496,0.003909970075200668,8.64091108016489
3,16x16,256,32,97,8192,194,109,1.6531582190360643,0.026933346775413813,22.029016204876513
3,32x32,1024,32,97,32768,194,109,1.7099949942250348,0.03181176323856327,21.00648984370678
4,2x2x4,16,32,97,512,194,109,1.5981353253695558,0.0005482121014461375,11.070749790779939
4,8x8x8,512,32,97,16384,194,109,2.6574253546309947,0.004825214442923347,74.65751898791582
2,16,16,32,97,512,194,110,1.3750926715007403,0.045095166179636444,5.787759164554476
3,4x4,16,32,97,512,194,110,1.7337192024918124,0.02899793724585051,8.9862753552134
3,16x16,256,32,97,8192,194,110,2.0309192394731763,0.04358880873684189,23.05839482639266
3,32x32,1024,32,97,32768,194,110,2.112030892389604,0.07233278268246982,16.4685215169856
4,2x2x4,16,32,97,512,194,110,1.979844161032117,0.004955347477230192,6.961640010154882
4,8x8x8,512,32,97,16384,194,110,3.6817498787431653,0.01465303468695098,8.68985231068232
2,16,16,32,97,512,194,111,1.4825514736519656,0.04887166949556501,6.489048659687197
3,4x4,16,32,97,512,194,111,1.953424725270696,0.0033565899542382584,6.933344052526857
3,16x16,256,32,97,8192,194,111,2.15681896963675,0.027504962111905163,11.0343164123686
3,32x32,1024,32,97,32768,194,111,2.1797934837475212,0.033184526857124134,11.529789367482802
4,2x2x4,16,32,97,512,194,111,1.8836083203891891,0.0007052099288140742,10.21448839230599
4,8x8x8,512,32,97,16384,194,111,3.2820451194903977,0.015658973333314764,25.001711880929637
2,16,16,32,97,512,194,112,1.5770696935252897,0.043442555158752415,6.56199260536899
3,4x4,16,32,97,512,194,112,1.9118625223035988,0.006851129147197132,10.418251601425894
3,16x16,256,32,97,8192,194,112,2.3675342084684274,0.016437166482684906,16.747464214488026
3,32x32,1024,32,97,32768,194,112,2.4222974147932828,0.016054213258195116,28.066155068912877
4,2x2x4,16,32,97,512,194,112,2.2286831020207076,0.0016169524183378863,10.479573413629092
4,8x8x8,512,32,97,16384,194,112,3.5586272044091336,0.010011141302804626,16.102932070613257
2,16,16,32,97,512,194,113,1.4634667152232603,0.06495208531986309,5.326596010409787
3,4x4,16,32,97,512,194,113,2.129815197633803,0.01869645378525453,8.173732270203605
3,16x16,256,32,97,8192,194,113,2.5079393716061587,0.043125953096059245,9.928421397480442
3,32x32,1024,32,97,32768,194,113,2.503182602969642,0.03679659662810978,12.299780188772237
4,2x2x4,16,32,97,512,194,113,2.0200836738710004,0.0015767153988802904,9.034704995478217
4,8x8x8,512,32,97,16384,194,113,3.246928640321541,0.013018042741748599,9.625272845244321
2,16,16,32,97,512,194,114,1.3801733005295778,0.03722801454670465,7.8917583277485255
3,4x4,16,32,97,512,194,114,1.6940126026740407,0.004700071529467077,8.42235804292837
3,16x16,256,32,97,8192,194,114,1.820969100583492,0.019156597996083092,30.13290749112269
3,32x32,1024,32,97,32768,194,114,1.7666213576136778,0.022866288991216694,32.12705940580681
4,2x2x4,16,32,97,512,194,114,1.6207905147316484,0.002310337669169087,15.705264750205401
4,8x8x8,512,32,97,16384,194,114,2.0125384110815085,0.016644498491237787,23.078495990071062
2,16,16,32,97,512,194,115,1.5095772109005936,0.052352939006099164,6.25627247259876
3,4x4,16,32,97,512,194,115,1.8527410796678945,0.012279291331448602,9.138929627137491
3,16x16,256,32,97,8192,194,115,2.220344626652116,0.02486213978948632,6.076934847236159
3,32x32,1024,32,97,32768,194,115,2.3736759723341865,0.029414437986901847,5.607125912133724
4,2x2x4,16,32,97,512,194,115,1.9787776636923367,0.002252399508197295,10.707360004581812
4,8x8x8,512,32,97,16384,194,115,2.9621533029811564,0.011813532590343196,11.81307906518543
2,16,16,32,97,512,194,116,1.3139854528694737,0.06062347949568359,7.622476519585119
3,4x4,16,32,97,512,194,116,1.3824516545861811,0.022418974146789176,8.218461635298741
3,16x16,256,32,97,8192,194,116,1.6549590303128798,0.06547187847486981,13.472733102715138
3,32x32,1024,32,97,32768,194,116,1.7437231723705455,0.05917853852675346,16.427381593553843
4,2x2x4,16,32,97,512,194,116,1.5338218660701277,0.008399680368813063,10.179133031423321
4,8x8x8,512,32,97,16384,194,116,2.3513021831333463,0.018165146705485396,62.95056404136785
2,16,16,32,97,512,194,117,1.4332609121508346,0.05340269110848486,9.416344194699132
3,4x4,16,32,97,512,194,117,1.5362759763233216,0.01432193459727089,11.209847531969352
3,16x16,256,32,97,8192,194,117,1.5935048069775632,0.03118422673095049,9.904436487239652
3,32x32,1024,32,97,32768,194,117,1.671097574019527,0.032308257753649726,10.392471085507829
4,2x2x4,16,32,97,512,194,117,1.7065260362495653,0.0007503272630613484,9.699167426196118
4,8x8x8,512,32,97,16384,194,117,2.2468538986769255,0.009996197595003314,24.229757323092013
2,16,16,32,97,512,194,118,1.5973999885517784,0.07182494139359034,4.801157158005417
3,4x4,16,32,97,512,194,118,1.7309953184511964,0.021700691031205886,9.252957372847444
3,16x16,256,32,97,8192,194,118,1.9584946228452176,0.03959369288274534,15.053018881870566
3,32x32,1024,32,97,32768,194,118,2.08233574172323,0.04739906897020353,7.649743776799904
4,2x2x4,16,32,97,512,194,118,1.8438955278594333,0.0007138258725151697,14.80701215011757
4,8x8x8,512,32,97,16384,194,118,2.435838123003104,0.010405745110315888,30.518617304489556
2,16,16,32,97,512,194,119,1.4796025237340102,0.04412401702809632,6.291174610615939
3,4x4,16,32,97,512,194,119,1.5333234661618897,0.011394292024247308,9.28469386331656
3,16x16,256,32,97,8192,194,119,1.834002130477684,0.02567798283577436,12.98051756646401
3,32x32,1024,32,97,32768,194,119,1.8641599440944643,0.02677170595576206,12.853197625149487
4,2x2x4,16,32,97,512,194,119,1.5505438087237082,0.0008822300299257698,12.337177345747767
4,8x8x8,512,32,97,16384,194,119,1.9941010796879253,0.02305596504059883,47.07515387193732
2,16,16,32,97,512,194,120,1.4575724875922058,0.0363436695734136,6.897870084412071
3,4x4,16,32,97,512,194,120,1.640169889028444,0.00969024932054116,9.57355192291371
3,16x16,256,32,97,8192,194,120,2.039967262940324,0.016062767452809816,10.329041538964674
3,32x32,1024,32,97,32768,194,120,2.011016489698884,0.02561115482594188,11.31522884162089
4,2x2x4,16,32,97,512,194,120,1.5738624379820667,0.000783815431400053,9.55622851727035
4,8x8x8,512,32,97,16384,194,120,2.4303122656785208,0.010978370845368785,12.106545938537055
2,16,16,32,97,512,194,121,1.4610863148398177,0.03169479085366802,7.486261862147739
3,4x4,16,32,97,512,194,121,1.6812705659315945,0.005316413932206999,11.373553580495077
3,16x16,256,32,97,8192,194,121,2.091097465666924,0.011145296851102523,31.32363848521729
3,32x32,1024,32,97,32768,194,121,2.089164763176318,0.018091688536305755,49.362145754636686
4,2x2x4,16,32,97,512,194,121,1.9363003029597654,0.0017435316281271688,7.9890115217119675
4,8x8x8,512,32,97,16384,194,121,2.508387856085844,0.005806782161995649,24.891559101661596
2,16,16,32,97,512,194,122,1.4748875600987705,0.042272761902968366,6.276565066308436
3,4x4,16,32,97,512,194,122,1.8721974487284472,0.00263027474495807,10.362324322185767
3,16x16,256,32,97,8192,194,122,2.1205931839352434,0.011571640370957165,32.48176876850515
3,32x32,1024,32,97,32768,194,122,2.1533085490545725,0.016292028251936153,27.239744275210654
4,2x2x4,16,32,97,512,194,122,2.230614936588447,0.00040500437709666627,15.752929110933962
4,8x8x8,512,32,97,16384,194,122,3.443904378824724,0.0018191175518331348,79.64157964463608
2,16,16,32,97,512,194,123,1.3477210638882904,0.04991014785466573,6.198465208716516
3,4x4,16,32,97,512,194,123,1.5593460873197451,0.007021281329865109,13.247112929346114
3,16x16,256,32,97,8192,194,123,1.8703017638805965,0.018721876053622202,20.34253989860172
3,32x32,1024,32,97,32768,194,123,1.9883058768470454,0.024236233292237702,18.380267460681388
4,2x2x4,16,32,97,512,194,123,1.6279741418189098,0.0015547168903642429,9.879437403852565
4,8x8x8,512,32,97,16384,194,123,2.410904589340496,0.010804352429597082,26.88650040842265
2,16,16,32,97,512,194,124,1.8386317076055232,0.06015468919276175,5.809525261899686
3,4x4,16,32,97,512,194,124,1.9857361372659632,0.005652479797644951,9.467814557819784
3,16x16,256,32,97,8192,194,124,2.5985182548771526,0.019198283734680476,16.38800679008086
3,32x32,1024,32,97,32768,194,124,2.4457684851826675,0.02045959575438056,19.273866492273093
4,2x2x4,16,32,97,512,194,124,2.3353641959062976,0.0005083509047520174,10.961407196039389
4,8x8x8,512,32,97,16384,194,124,3.7902716532458873,0.0036435827986480776,33.198094017062814
2,16,16,32,97,512,194,125,1.447835315040463,0.0622666012517767,4.0990839392139655
3,4x4,16,32,97,512,194,125,1.5959455795152575,0.008208309259981556,7.978491438160497
3,16x16,256,32,97,8192,194,125,1.7961567208743698,0.022892314051361582,13.330675366242323
3,32x32,1024,32,97,32768,194,125,1.889939038359842,0.03526846688859089,16.18338664071556
4,2x2x4,16,32,97,512,194,125,1.8283829676216456,0.0012239365329513657,9.796029098586141
4,8x8x8,512,32,97,16384,194,125,2.5639118588642376,0.009174242497628503,9.77620755255633
2,16,16,32,97,512,194,126,1.4003472895825186,0.029341717425276526,5.286278808751589
3,4x4,16,32,97,512,194,126,1.597647683173162,0.0097372709580305,12.392264106010138
3,16x16,256,32,97,8192,194,126,1.878011449795685,0.022834281088805607,13.496108814847947
3,32x32,1024,32,97,32768,194,126,1.843085853919547,0.024288291903312872,19.325885928324336
4,2x2x4,16,32,97,512,194,126,1.5842886175409399,0.0020862021633691104,15.516416098238079
4,8x8x8,512,32,97,16384,194,126,2.258197384357675,0.008820544582910468,56.2915220887669
2,16,16,32,97,512,194,127,1.5528249856804155,0.06437673378130324,5.1740968328888055
3,4x4,16,32,97,512,194,127,1.8544502523121633,0.01432791697511202,9.144378743124102
3,16x16,256,32,97,8192,194,127,2.132314089873168,0.044949456320731974,33.64416076735145
3,32x32,1024,32,97,32768,194,127,2.125452430872243,0.047243220112067184,26.136962135844833
4,2x2x4,16,32,97,512,194,127,1.7512831811102316,0.0023778200473404923,8.299847809594494
4,8x8x8,512,32,97,16384,194,127,2.7477412067337275,0.012123799628927415,46.314798066658064
