d,r,m,m_over_r,trials,median,q10,q90,mean,fraction_below_1p5,fraction_below_1p2,fraction_below_1p1
0,32,48,1.5,96,2.720500664502419,2.571692471272092,2.922202681272288,2.7328869752165073,0.0,0.0,0.0
0,32,64,2.0,96,1.8942102458011771,1.8251146501977549,1.962535583822958,1.8964556074623935,0.0,0.0,0.0
0,32,96,3.0,96,1.422861869272351,1.3985044626091796,1.440318684738596,1.4223548550345821,1.0,0.0,0.0
0,32,128,4.0,96,1.2597248033407116,1.2488054304035865,1.2691141893156312,1.2596507810595392,1.0,0.0,0.0
0,32,192,6.0,96,1.1276132789608326,1.1236807386298113,1.1325099047640173,1.1279986546074565,1.0,1.0,0.0
0,32,256,8.0,96,1.0712431529448976,1.0690928134439786,1.0740106538163237,1.0713802460176924,1.0,1.0,1.0
0,32,384,12.0,96,1.0194469344646229,1.0185559263420492,1.0202973295844757,1.0194600615468907,1.0,1.0,1.0
2,32,48,1.5,96,5.319756099795631,4.482393387142295,6.406190226636143,5.36675648038121,0.0,0.0,0.0
2,32,64,2.0,96,3.0485477640220404,2.567791831195527,3.528803648479089,3.0480430722469722,0.0,0.0,0.0
2,32,96,3.0,96,1.7313267995994632,1.6033014778131567,1.9068751300247266,1.750621538702019,0.010416666666666666,0.0,0.0
2,32,128,4.0,96,1.3973665081867903,1.3314679670538245,1.4804632994220626,1.4010175314954563,0.9583333333333334,0.0,0.0
2,32,192,6.0,96,1.1725155180178524,1.1479601544291613,1.1937246348089814,1.171356735968376,1.0,0.9375,0.0
2,32,256,8.0,96,1.0891864138703857,1.076726580532572,1.0995633889761898,1.0884075057376288,1.0,1.0,0.90625
2,32,384,12.0,96,1.022482934641464,1.020421123102218,1.025100016761317,1.0226915202961855,1.0,1.0,1.0
3,32,48,1.5,96,8.71084337919631,6.672292164748294,10.74340692806788,8.686784872616082,0.0,0.0,0.0
3,32,64,2.0,96,5.219353859815982,3.9291417965880875,6.748553763103551,5.27423260729712,0.0,0.0,0.0
3,32,96,3.0,96,2.5145735390415815,2.0809441468958134,3.1338764345289745,2.5858508547823464,0.0,0.0,0.0
3,32,128,4.0,96,1.736462615055898,1.552085671772855,1.9439800535009464,1.7439294976055608,0.020833333333333332,0.0,0.0
3,32,192,6.0,96,1.2687375951794608,1.2204046310200953,1.3310364683236573,1.2736716360902172,1.0,0.03125,0.0
3,32,256,8.0,96,1.1281374007602338,1.1100056174219377,1.151584682856673,1.1299548167713145,1.0,1.0,0.020833333333333332
3,32,384,12.0,96,1.0293755916885887,1.0251047008928884,1.0342220740966108,1.029437081911152,1.0,1.0,1.0
4,32,48,1.5,96,11.473309990535325,9.695760653783982,14.245398715050865,11.828832401471239,0.0,0.0,0.0
4,32,64,2.0,96,7.521222890718798,6.133284612859921,9.830280453786013,7.735016006391786,0.0,0.0,0.0
4,32,96,3.0,96,3.59044066627039,2.8319153134690027,4.6744654831379515,3.6647543407608603,0.0,0.0,0.0
4,32,128,4.0,96,2.1954468918721424,1.8621509060387829,2.6606767822881583,2.226779897687301,0.0,0.0,0.0
4,32,192,6.0,96,1.4176602468146022,1.3116494657079711,1.534862431171732,1.4183154872115888,0.8333333333333334,0.0,0.0
4,32,256,8.0,96,1.1794254128793988,1.1386847308263952,1.2294210128462288,1.1814734391868325,1.0,0.75,0.0
4,32,384,12.0,96,1.0382016384759643,1.030382301741132,1.0457706283956725,1.0384090252364073,1.0,1.0,1.0
