d,law,m,trials,rankr_ratio_q10,rankr_ratio_q50,rankr_ratio_q90,rankr_ratio_mean,projector_ratio_q10,projector_ratio_q50,projector_ratio_q90,projector_ratio_mean
2,Dense Gaussian,12,128,1.8738930799784876,2.1707059303378333,2.507729716417337,2.2011560005468973,1.7738930799784862,2.070705930337832,2.4077297164173355,2.1011560005468963
2,Dense Gaussian,16,128,1.539038605691975,1.6857743786390613,1.8845914281630465,1.700369849845163,1.3390386056919754,1.4857743786390611,1.6845914281630472,1.5003698498451628
2,Dense Gaussian,24,128,1.2259613437697543,1.2774034110446557,1.3568302351921788,1.284814447774583,0.825961343769755,0.8774034110446562,0.956830235192179,0.8848144477745832
2,Dense Gaussian,32,128,1.1026818998865002,1.128419477976974,1.1559426651610019,1.1296063743070128,0.5026818998865,0.5284194779769749,0.5559426651610021,0.5296063743070141
2,Dense Gaussian,40,128,1.035814717822362,1.048097496922927,1.0680935585117757,1.0502191200606583,0.23581471782236427,0.24809749692292904,0.26809355851177796,0.2502191200606605
2,KR Gaussian,12,128,1.9170534572920603,2.217052744214456,2.5979958387994615,2.2361591925202786,1.817053457292059,2.1170527442144547,2.49799583879946,2.136159192520277
2,KR Gaussian,16,128,1.5189457997777032,1.695102748177575,1.9299388841642748,1.710032427517283,1.3189457997777025,1.4951027481775752,1.7299388841642742,1.510032427517283
2,KR Gaussian,24,128,1.2313735057409205,1.285057959098261,1.3594265886825356,1.2943885414022518,0.8313735057409215,0.885057959098261,0.9594265886825344,0.8943885414022522
2,KR Gaussian,32,128,1.1037086497833557,1.130200993285274,1.1655697613725162,1.1316937261432822,0.5037086497833576,0.5302009932852751,0.5655697613725179,0.5316937261432833
2,KR Gaussian,40,128,1.035587012581299,1.0479954766125728,1.0620751129886281,1.0483036216617145,0.23558701258130127,0.2479954766125747,0.2620751129886301,0.24830362166171654
2,KR Rademacher,12,128,1.9161475086515976,2.1928147130277336,2.535914206641218,2.1949393811448097,1.8161475086515961,2.092814713027732,2.4359142066412165,2.0949393811448083
2,KR Rademacher,16,128,1.528596437481089,1.6698461423609552,1.8465546994495294,1.686171463494714,1.3285964374810881,1.4698461423609546,1.6465546994495295,1.4861714634947139
2,KR Rademacher,24,128,1.2266286175927499,1.2810060978175533,1.3545262659037853,1.287309416695379,0.8266286175927509,0.8810060978175533,0.954526265903785,0.8875047291953791
2,KR Rademacher,32,128,1.102783774155489,1.128047568591581,1.159997614180928,1.1300663942620832,0.5030981515019267,0.5284409299708983,0.5607411658365494,0.5312382692620843
2,KR Rademacher,40,128,1.038251837404927,1.0466738182556448,1.0632652779154466,1.0492797307018602,0.23825183740492992,0.2466738182556476,0.2671216421219141,0.25064691820186213
3,Dense Gaussian,12,128,1.917946321560647,2.1963718081744115,2.581464007984916,2.2137028582829172,1.8179463215606455,2.09637180817441,2.4814640079849144,2.1137028582829154
3,Dense Gaussian,16,128,1.5342003669796163,1.6723950917343324,1.8822305862666893,1.7000982925251034,1.3342003669796154,1.4723950917343318,1.6822305862666884,1.5000982925251032
3,Dense Gaussian,24,128,1.2242478803033736,1.286138535673789,1.3581008470360112,1.2894599569941292,0.8242478803033748,0.8861385356737905,0.9581008470360114,0.8894599569941297
3,Dense Gaussian,32,128,1.1024253956988903,1.1304699334348665,1.1678753149204033,1.1327237259162115,0.5024253956988918,0.5304699334348681,0.5678753149204054,0.5327237259162126
3,Dense Gaussian,40,128,1.0375583165839197,1.0474884421864212,1.0616697319943849,1.0490852306192298,0.2375583165839222,0.2474884421864223,0.26166973199438653,0.24908523061923188
3,KR Gaussian,12,128,1.9134272418050275,2.2365696083976516,2.5698967207901586,2.2388305991008357,1.8134272418050261,2.13656960839765,2.469896720790157,2.1388305991008343
3,KR Gaussian,16,128,1.5141824504654362,1.6551129842230194,1.8764587674019368,1.6890125925984916,1.3141824504654362,1.4551129842230188,1.6764587674019373,1.4890125925984914
3,KR Gaussian,24,128,1.220561411248001,1.2949694856861678,1.362073036889009,1.2915134982411507,0.8205614112479998,0.8949694856861683,0.9620730368890105,0.891513498241151
3,KR Gaussian,32,128,1.1016206819314804,1.1286873902373542,1.1607864117219637,1.130057911129172,0.5016206819314817,0.528687390237355,0.5607864117219641,0.5300579111291732
3,KR Gaussian,40,128,1.0369630797913119,1.0475215006812633,1.0665852545860985,1.0498335148001845,0.23696307979131426,0.24752150068126522,0.2665852545860995,0.24983351480018645
3,KR Rademacher,12,128,1.9093133851667643,2.2263547645129944,2.5722682265001153,2.2173996426036306,1.8093133851667629,2.126354764512993,2.472268226500114,2.1195480801036295
3,KR Rademacher,16,128,1.5290911896537192,1.7027126671664243,1.9137565055744445,1.7188537241775794,1.3290911896537188,1.5053609538273243,1.7201324455707891,1.5247130991775784
3,KR Rademacher,24,128,1.2349040925425099,1.3035444118094595,1.394918960090938,1.3098846210041857,0.8361121113197776,0.9159300003234225,1.0258238973407967,0.9245330585041847
3,KR Rademacher,32,128,1.1124878636367694,1.1401411362732086,1.18984001768515,1.1477367061364552,0.5178824142737504,0.5648803158543991,0.6408663792207838,0.5742992061364545
3,KR Rademacher,40,128,1.0441330180719846,1.059837651663679,1.0836370492194596,1.0632910642563838,0.25080019101606565,0.30022661998160416,0.3660489861940844,0.30508793925638333
