r,m,R,kind,trials,zero_ratio,bound,rankr_ratio_mean,rankr_ratio_q10,rankr_ratio_q50,rankr_ratio_q90,projector_ratio_mean,projector_ratio_q10,projector_ratio_q50,projector_ratio_q90
8,25,50,0,64,9,1.5,1.2746760684462184,1.215139509432524,1.2716088675989308,1.3213729425478316,0.8699141636843138,0.8103776046706193,0.8668469628370259,0.9166110377859267
8,25,50,2,64,9,1.5,1.2746760684462184,1.215139509432524,1.2716088675989308,1.3213729425478316,0.8699141636843138,0.8103776046706193,0.8668469628370259,0.9166110377859267
8,25,50,3,64,9,1.5,1.2746760684462184,1.215139509432524,1.2716088675989308,1.3213729425478316,0.8699141636843138,0.8103776046706193,0.8668469628370259,0.9166110377859267
8,25,50,4,64,9,1.5,1.2746760684462184,1.215139509432524,1.2716088675989308,1.3213729425478316,0.8699141636843138,0.8103776046706193,0.8668469628370259,0.9166110377859267
8,25,50,-1,64,9,1.5,1.2559173383347715,1.2250433022381453,1.255094510840372,1.2944090126332972,0.8511554335728668,0.8202813974762411,0.8503326060784673,0.8896471078713928
16,49,98,0,64,17,1.5,1.2833845931976406,1.2473726407985164,1.282563229551555,1.3188893507319772,0.8809455688073982,0.8449336164082745,0.8801242051613105,0.9164503263417337
16,49,98,2,64,17,1.5,1.2833845931976406,1.2473726407985164,1.282563229551555,1.3188893507319772,0.8809455688073982,0.8449336164082745,0.8801242051613105,0.9164503263417337
16,49,98,3,64,17,1.5,1.2833845931976406,1.2473726407985164,1.282563229551555,1.3188893507319772,0.8809455688073982,0.8449336164082745,0.8801242051613105,0.9164503263417337
16,49,98,4,64,17,1.5,1.2833845931976406,1.2473726407985164,1.282563229551555,1.3188893507319772,0.8809455688073982,0.8449336164082745,0.8801242051613105,0.9164503263417337
16,49,98,-1,64,17,1.5,1.2759249494468485,1.2480377238039568,1.277281285652315,1.3007919887611472,0.8734859250566056,0.8455986994137152,0.8748422612620725,0.8983529643709037
32,97,194,0,64,33,1.5,1.291311985614506,1.272342752439867,1.2933823747339221,1.3074813286042692,0.8900774177132736,0.8711081845386331,0.8921478068326891,0.9062467607030399
32,97,194,2,64,33,1.5,1.291311985614506,1.272342752439867,1.2933823747339221,1.3074813286042692,0.8900774177132736,0.8711081845386331,0.8921478068326891,0.9062467607030399
32,97,194,3,64,33,1.5,1.291311985614506,1.272342752439867,1.2933823747339221,1.3074813286042692,0.8900774177132736,0.8711081845386331,0.8921478068326891,0.9062467607030399
32,97,194,4,64,33,1.5,1.291311985614506,1.272342752439867,1.2933823747339221,1.3074813286042692,0.8900774177132736,0.8711081845386331,0.8921478068326891,0.9062467607030399
32,97,194,-1,64,33,1.5,1.2890736641940885,1.2777080565267855,1.2877158767740349,1.302069377168857,0.8878390962928558,0.8764734886255532,0.8864813088728027,0.9008348092676229
64,193,386,0,64,65,1.5,1.298423814708723,1.289871563400157,1.298021559559312,1.3071066193935759,0.8978026966962951,0.8892504453877251,0.8974004415468855,0.9064855013811467
64,193,386,2,64,65,1.5,1.298423814708723,1.289871563400157,1.298021559559312,1.3071066193935759,0.8978026966962951,0.8892504453877251,0.8974004415468855,0.9064855013811467
64,193,386,3,64,65,1.5,1.298423814708723,1.289871563400157,1.298021559559312,1.3071066193935759,0.8978026966962951,0.8892504453877251,0.8974004415468855,0.9064855013811467
64,193,386,4,64,65,1.5,1.298423814708723,1.289871563400157,1.298021559559312,1.3071066193935759,0.8978026966962951,0.8892504453877251,0.8974004415468855,0.9064855013811467
64,193,386,-1,64,65,1.5,1.2940168130596952,1.2871979931663942,1.293873216430108,1.3013332265130246,0.8933956950472681,0.8865768751539648,0.8932520984176833,0.9007121085006006
128,385,770,0,64,129,1.5,1.298851103133206,1.2950769295098694,1.2989519426439209,1.3025583823199074,0.8985395766534441,0.894765403030101,0.8986404161641559,0.90224685584015
128,385,770,2,64,129,1.5,1.298851103133206,1.2950769295098694,1.2989519426439209,1.3025583823199074,0.8985395766534441,0.894765403030101,0.8986404161641559,0.90224685584015
128,385,770,3,64,129,1.5,1.298851103133206,1.2950769295098694,1.2989519426439209,1.3025583823199074,0.8985395766534441,0.894765403030101,0.8986404161641559,0.90224685584015
128,385,770,4,64,129,1.5,1.298851103133206,1.2950769295098694,1.2989519426439209,1.3025583823199074,0.8985395766534441,0.894765403030101,0.8986404161641559,0.90224685584015
128,385,770,-1,64,129,1.5,1.2970521722383852,1.2939028604117546,1.2963720933547775,1.3012064868256177,0.8967406457586224,0.893591333931991,0.8960605668750219,0.9008949603458547
256,769,1538,0,64,257,1.5,1.2991626346450431,1.2967720223494108,1.2992643775327724,1.3016613579798988,0.8990066284047806,0.896616016109158,0.899108371292499,0.9015053517396439
256,769,1538,2,64,257,1.5,1.2991626346450431,1.2967720223494108,1.2992643775327724,1.3016613579798988,0.8990066284047806,0.896616016109158,0.899108371292499,0.9015053517396439
256,769,1538,3,64,257,1.5,1.2991626346450431,1.2967720223494108,1.2992643775327724,1.3016613579798988,0.8990066284047806,0.896616016109158,0.899108371292499,0.9015053517396439
256,769,1538,4,64,257,1.5,1.2991626346450431,1.2967720223494108,1.2992643775327724,1.3016613579798988,0.8990066284047806,0.896616016109158,0.899108371292499,0.9015053517396439
256,769,1538,-1,64,257,1.5,1.298663397780353,1.2965702580722587,1.2985717644462276,1.3009101186836884,0.8985073915400887,0.8964142518320102,0.8984157582059424,0.9007541124434226
512,1537,3074,0,32,513,1.5,1.2993633874219324,1.2980354762563586,1.299519978770267,1.3004096218815586,0.899285323409444,0.8979574122438748,0.8994419147577446,0.9003315578690717
512,1537,3074,2,32,513,1.5,1.2993633874219324,1.2980354762563586,1.299519978770267,1.3004096218815586,0.899285323409444,0.8979574122438748,0.8994419147577446,0.9003315578690717
512,1537,3074,3,32,513,1.5,1.2993633874219324,1.2980354762563586,1.299519978770267,1.3004096218815586,0.899285323409444,0.8979574122438748,0.8994419147577446,0.9003315578690717
512,1537,3074,4,32,513,1.5,1.2993633874219324,1.2980354762563586,1.299519978770267,1.3004096218815586,0.899285323409444,0.8979574122438748,0.8994419147577446,0.9003315578690717
512,1537,3074,-1,32,513,1.5,1.2991712266446682,1.2980564523645715,1.2992526264292779,1.300135465962582,0.8990931626321732,0.8979783883520781,0.8991745624168175,0.9000574019501186
