r,m,R,kind,trial,min_column_relative_R_diagonal,min_over_max_abs_R_diagonal,rank_tolerance,numerical_full_column_rank
8,25,50,0,0,0.22878156340696187,0.26112170371548765,1.6653345369377348e-14,1
8,25,50,2,0,0.22878156340696185,0.03748301999652514,1.6653345369377348e-14,1
8,25,50,3,0,0.22878156340696182,0.0016635076004815482,1.6653345369377348e-14,1
8,25,50,4,0,0.22878156340696174,0.00018107957187559333,1.6653345369377348e-14,1
8,25,50,-1,0,0.2611804782975713,0.26118047829757135,1.6653345369377348e-14,1
8,25,50,0,1,0.28302368664452093,0.23359703087336975,1.6653345369377348e-14,1
8,25,50,-1,1,0.2897693118544922,0.28976931185449223,1.6653345369377348e-14,1
8,25,50,0,2,0.2549676917652411,0.2609389983266561,1.6653345369377348e-14,1
8,25,50,-1,2,0.2799973371987377,0.2799973371987377,1.6653345369377348e-14,1
8,25,50,0,3,0.26789253646478,0.17990141712608845,1.6653345369377348e-14,1
8,25,50,-1,3,0.2842875954330379,0.28428759543303794,1.6653345369377348e-14,1
8,25,50,0,4,0.2471944274591183,0.2548245387513094,1.6653345369377348e-14,1
8,25,50,-1,4,0.3055505045055507,0.30555050450555077,1.6653345369377348e-14,1
8,25,50,0,5,0.22652041267083994,0.20641277587153994,1.6653345369377348e-14,1
8,25,50,-1,5,0.2513776656047245,0.2513776656047246,1.6653345369377348e-14,1
8,25,50,0,6,0.2724539030658555,0.2567296987864415,1.6653345369377348e-14,1
8,25,50,-1,6,0.23366559674541754,0.23366559674541756,1.6653345369377348e-14,1
8,25,50,0,7,0.2549935995429459,0.22704145594087546,1.6653345369377348e-14,1
8,25,50,-1,7,0.2763392576794626,0.2763392576794626,1.6653345369377348e-14,1
8,25,50,0,8,0.270410399239565,0.1639032408023707,1.6653345369377348e-14,1
8,25,50,-1,8,0.259610596455833,0.25961059645583306,1.6653345369377348e-14,1
8,25,50,0,9,0.17669892158007666,0.16467774811526906,1.6653345369377348e-14,1
8,25,50,-1,9,0.2933068683114208,0.29330686831142083,1.6653345369377348e-14,1
8,25,50,0,10,0.21302224223381805,0.23510529600389335,1.6653345369377348e-14,1
8,25,50,-1,10,0.29071033257440887,0.2907103325744089,1.6653345369377348e-14,1
8,25,50,0,11,0.25993563243270873,0.2015666840334814,1.6653345369377348e-14,1
8,25,50,-1,11,0.2842887236826586,0.2842887236826587,1.6653345369377348e-14,1
8,25,50,0,12,0.32279661864569725,0.2246224216266398,1.6653345369377348e-14,1
8,25,50,-1,12,0.30586701052258614,0.3058670105225862,1.6653345369377348e-14,1
8,25,50,0,13,0.28782423930783446,0.23483328355353894,1.6653345369377348e-14,1
8,25,50,-1,13,0.2788477256223173,0.27884772562231736,1.6653345369377348e-14,1
8,25,50,0,14,0.2660470701581314,0.21066027377619576,1.6653345369377348e-14,1
8,25,50,-1,14,0.2568819599047863,0.2568819599047863,1.6653345369377348e-14,1
8,25,50,0,15,0.20560729395352179,0.19617684374304317,1.6653345369377348e-14,1
8,25,50,-1,15,0.2944182247381776,0.29441822473817764,1.6653345369377348e-14,1
8,25,50,0,16,0.24892332438758297,0.18066461786642846,1.6653345369377348e-14,1
8,25,50,-1,16,0.2532870204980055,0.2532870204980055,1.6653345369377348e-14,1
8,25,50,0,17,0.24698551435966243,0.22026369207150534,1.6653345369377348e-14,1
8,25,50,-1,17,0.27465148899948627,0.27465148899948627,1.6653345369377348e-14,1
8,25,50,0,18,0.307715704470637,0.276710998937543,1.6653345369377348e-14,1
8,25,50,-1,18,0.27281321190545277,0.27281321190545277,1.6653345369377348e-14,1
8,25,50,0,19,0.3047254174969275,0.2878658405433667,1.6653345369377348e-14,1
8,25,50,-1,19,0.2974528805215964,0.29745288052159646,1.6653345369377348e-14,1
8,25,50,0,20,0.21554930992351698,0.2242574239609416,1.6653345369377348e-14,1
8,25,50,-1,20,0.2764676413017372,0.27646764130173723,1.6653345369377348e-14,1
8,25,50,0,21,0.31794615060694953,0.301258168132273,1.6653345369377348e-14,1
8,25,50,-1,21,0.28874680710941003,0.2887468071094101,1.6653345369377348e-14,1
8,25,50,0,22,0.24830363785597565,0.24283444421309924,1.6653345369377348e-14,1
8,25,50,-1,22,0.3347995940410332,0.33479959404103327,1.6653345369377348e-14,1
8,25,50,0,23,0.257502235452195,0.27751462414795985,1.6653345369377348e-14,1
8,25,50,-1,23,0.2636465407293384,0.26364654072933846,1.6653345369377348e-14,1
8,25,50,0,24,0.26428691541458477,0.23036485306248866,1.6653345369377348e-14,1
8,25,50,-1,24,0.24757602533008685,0.2475760253300869,1.6653345369377348e-14,1
8,25,50,0,25,0.29691614449782144,0.20702818061962966,1.6653345369377348e-14,1
8,25,50,-1,25,0.3042698005934174,0.30426980059341746,1.6653345369377348e-14,1
8,25,50,0,26,0.23416654407002072,0.20471079476629633,1.6653345369377348e-14,1
8,25,50,-1,26,0.2790880449190414,0.27908804491904143,1.6653345369377348e-14,1
8,25,50,0,27,0.35375089649004443,0.20737388951113453,1.6653345369377348e-14,1
8,25,50,-1,27,0.26447348026338496,0.26447348026338496,1.6653345369377348e-14,1
8,25,50,0,28,0.29525423378431487,0.21737778976157318,1.6653345369377348e-14,1
8,25,50,-1,28,0.2881162345261081,0.28811623452610813,1.6653345369377348e-14,1
8,25,50,0,29,0.2150166893890747,0.2811444947383813,1.6653345369377348e-14,1
8,25,50,-1,29,0.28556188210796835,0.2855618821079684,1.6653345369377348e-14,1
8,25,50,0,30,0.26353073522542414,0.265884136934756,1.6653345369377348e-14,1
8,25,50,-1,30,0.2754245405137143,0.27542454051371434,1.6653345369377348e-14,1
8,25,50,0,31,0.23787433765515972,0.23540835692598663,1.6653345369377348e-14,1
8,25,50,-1,31,0.2912926586710073,0.29129265867100734,1.6653345369377348e-14,1
8,25,50,0,32,0.19073209565296986,0.16347272417127107,1.6653345369377348e-14,1
8,25,50,-1,32,0.3024381944228558,0.30243819442285585,1.6653345369377348e-14,1
8,25,50,0,33,0.25352989470805193,0.26026188438534636,1.6653345369377348e-14,1
8,25,50,-1,33,0.24756156749600097,0.247561567496001,1.6653345369377348e-14,1
8,25,50,0,34,0.31676077885987425,0.2060525228111858,1.6653345369377348e-14,1
8,25,50,-1,34,0.26992236405956377,0.2699223640595638,1.6653345369377348e-14,1
8,25,50,0,35,0.2677582871326321,0.2585941983645299,1.6653345369377348e-14,1
8,25,50,-1,35,0.28858969988090755,0.2885896998809076,1.6653345369377348e-14,1
8,25,50,0,36,0.2798084395855795,0.30091578312237544,1.6653345369377348e-14,1
8,25,50,-1,36,0.23478093331329633,0.23478093331329639,1.6653345369377348e-14,1
8,25,50,0,37,0.3414434166332187,0.25336594903688014,1.6653345369377348e-14,1
8,25,50,-1,37,0.2825820784743613,0.28258207847436134,1.6653345369377348e-14,1
8,25,50,0,38,0.22228061173180813,0.23948682836301788,1.6653345369377348e-14,1
8,25,50,-1,38,0.24043651410458158,0.24043651410458164,1.6653345369377348e-14,1
8,25,50,0,39,0.219407889424273,0.26864739356327466,1.6653345369377348e-14,1
8,25,50,-1,39,0.3354468454570212,0.3354468454570212,1.6653345369377348e-14,1
8,25,50,0,40,0.30579185107309986,0.22345384099975113,1.6653345369377348e-14,1
8,25,50,-1,40,0.319535578271317,0.31953557827131707,1.6653345369377348e-14,1
8,25,50,0,41,0.26878759434450616,0.21783815589474012,1.6653345369377348e-14,1
8,25,50,-1,41,0.24866886422368895,0.24866886422368897,1.6653345369377348e-14,1
8,25,50,0,42,0.2517901120469558,0.22721208324692901,1.6653345369377348e-14,1
8,25,50,-1,42,0.28598280947795934,0.2859828094779594,1.6653345369377348e-14,1
8,25,50,0,43,0.28245821872687044,0.18491990494661886,1.6653345369377348e-14,1
8,25,50,-1,43,0.2923830901282531,0.29238309012825314,1.6653345369377348e-14,1
8,25,50,0,44,0.30840875870500806,0.25016118698675127,1.6653345369377348e-14,1
8,25,50,-1,44,0.25756391626068353,0.2575639162606836,1.6653345369377348e-14,1
8,25,50,0,45,0.2681626725595074,0.15940763551126005,1.6653345369377348e-14,1
8,25,50,-1,45,0.2822927638277975,0.28229276382779755,1.6653345369377348e-14,1
8,25,50,0,46,0.26432338374966474,0.2707252326445394,1.6653345369377348e-14,1
8,25,50,-1,46,0.24439364029689759,0.2443936402968976,1.6653345369377348e-14,1
8,25,50,0,47,0.24142658058347763,0.3048508717719853,1.6653345369377348e-14,1
8,25,50,-1,47,0.31966897806640415,0.3196689780664042,1.6653345369377348e-14,1
8,25,50,0,48,0.2594737659294978,0.1986644501534871,1.6653345369377348e-14,1
8,25,50,-1,48,0.2697164681126096,0.26971646811260963,1.6653345369377348e-14,1
8,25,50,0,49,0.2904300275651542,0.18007277433526012,1.6653345369377348e-14,1
8,25,50,-1,49,0.2631995951389675,0.26319959513896757,1.6653345369377348e-14,1
8,25,50,0,50,0.31357524025336425,0.24022434055238537,1.6653345369377348e-14,1
8,25,50,-1,50,0.2820688121729204,0.28206881217292046,1.6653345369377348e-14,1
8,25,50,0,51,0.2700679611430968,0.21376579488160877,1.6653345369377348e-14,1
8,25,50,-1,51,0.3299448616803075,0.32994486168030757,1.6653345369377348e-14,1
8,25,50,0,52,0.2693510499124873,0.18914437297987086,1.6653345369377348e-14,1
8,25,50,-1,52,0.24126338123947452,0.24126338123947455,1.6653345369377348e-14,1
8,25,50,0,53,0.26858898405089265,0.23460620828634524,1.6653345369377348e-14,1
8,25,50,-1,53,0.25339104962598635,0.2533910496259864,1.6653345369377348e-14,1
8,25,50,0,54,0.26452272712391267,0.2129224917735881,1.6653345369377348e-14,1
8,25,50,-1,54,0.229280750892076,0.22928075089207603,1.6653345369377348e-14,1
8,25,50,0,55,0.2643715356806409,0.23134705665961283,1.6653345369377348e-14,1
8,25,50,-1,55,0.276137933834934,0.27613793383493407,1.6653345369377348e-14,1
8,25,50,0,56,0.28002283704303205,0.1952988013537915,1.6653345369377348e-14,1
8,25,50,-1,56,0.2596123948249268,0.2596123948249269,1.6653345369377348e-14,1
8,25,50,0,57,0.2442096985990156,0.17558484362862348,1.6653345369377348e-14,1
8,25,50,-1,57,0.30790915083497933,0.3079091508349794,1.6653345369377348e-14,1
8,25,50,0,58,0.2708586271012421,0.1875179570155015,1.6653345369377348e-14,1
8,25,50,-1,58,0.2962948164367577,0.29629481643675776,1.6653345369377348e-14,1
8,25,50,0,59,0.2953671083285485,0.1911610987179105,1.6653345369377348e-14,1
8,25,50,-1,59,0.30978917705021936,0.3097891770502194,1.6653345369377348e-14,1
8,25,50,0,60,0.3019148104982125,0.18676061300617228,1.6653345369377348e-14,1
8,25,50,-1,60,0.2539999323119168,0.2539999323119168,1.6653345369377348e-14,1
8,25,50,0,61,0.2870203796511007,0.198718732521601,1.6653345369377348e-14,1
8,25,50,-1,61,0.27284685536382236,0.2728468553638224,1.6653345369377348e-14,1
8,25,50,0,62,0.24842759583055907,0.2394880704778555,1.6653345369377348e-14,1
8,25,50,-1,62,0.2837293662035377,0.2837293662035378,1.6653345369377348e-14,1
8,25,50,0,63,0.2689399666562686,0.20543092027082377,1.6653345369377348e-14,1
8,25,50,-1,63,0.28872148584806606,0.2887214858480661,1.6653345369377348e-14,1
16,49,98,0,0,0.1858527840654314,0.21557967291724847,3.26405569239796e-14,1
16,49,98,2,0,0.1858527840654315,0.0010454984023544303,3.26405569239796e-14,1
16,49,98,3,0,0.18585278406543132,0.001074660359367994,3.26405569239796e-14,1
16,49,98,4,0,0.18585278406543146,4.651893724958809e-05,3.26405569239796e-14,1
16,49,98,-1,0,0.17733189348618164,0.1773318934861816,3.26405569239796e-14,1
16,49,98,0,1,0.22759217746756585,0.1939104078926967,3.26405569239796e-14,1
16,49,98,-1,1,0.2235234975664559,0.22352349756645584,3.26405569239796e-14,1
16,49,98,0,2,0.21519704069081955,0.17574429706928565,3.26405569239796e-14,1
16,49,98,-1,2,0.18500475234003452,0.1850047523400345,3.26405569239796e-14,1
16,49,98,0,3,0.21247931777646253,0.16741710120345965,3.26405569239796e-14,1
16,49,98,-1,3,0.20767964905194053,0.2076796490519405,3.26405569239796e-14,1
16,49,98,0,4,0.19056663756045267,0.172859543102236,3.26405569239796e-14,1
16,49,98,-1,4,0.22517202757159993,0.2251720275715999,3.26405569239796e-14,1
16,49,98,0,5,0.21277376483775415,0.19912192127604755,3.26405569239796e-14,1
16,49,98,-1,5,0.20859047418118137,0.20859047418118135,3.26405569239796e-14,1
16,49,98,0,6,0.19314335529554835,0.1747291349415252,3.26405569239796e-14,1
16,49,98,-1,6,0.20659756166328386,0.20659756166328383,3.26405569239796e-14,1
16,49,98,0,7,0.20300081334846581,0.13519358020261332,3.26405569239796e-14,1
16,49,98,-1,7,0.21078777103202087,0.21078777103202082,3.26405569239796e-14,1
16,49,98,0,8,0.1680980940991048,0.12252075651718888,3.26405569239796e-14,1
16,49,98,-1,8,0.1937219671487235,0.19372196714872347,3.26405569239796e-14,1
16,49,98,0,9,0.18520414540802282,0.12896917909100505,3.26405569239796e-14,1
16,49,98,-1,9,0.22577929150154172,0.22577929150154166,3.26405569239796e-14,1
16,49,98,0,10,0.20135120148946728,0.17259932796420274,3.26405569239796e-14,1
16,49,98,-1,10,0.1851140105502173,0.18511401055021728,3.26405569239796e-14,1
16,49,98,0,11,0.19244848359465574,0.20354100894881685,3.26405569239796e-14,1
16,49,98,-1,11,0.2163636449463201,0.21636364494632007,3.26405569239796e-14,1
16,49,98,0,12,0.18468000601787424,0.18990144307109807,3.26405569239796e-14,1
16,49,98,-1,12,0.2307924892138723,0.23079248921387224,3.26405569239796e-14,1
16,49,98,0,13,0.22072606615722146,0.14325343536160523,3.26405569239796e-14,1
16,49,98,-1,13,0.1969090425607073,0.19690904256070726,3.26405569239796e-14,1
16,49,98,0,14,0.20106476339963522,0.20941112977962836,3.26405569239796e-14,1
16,49,98,-1,14,0.1984539519463818,0.19845395194638177,3.26405569239796e-14,1
16,49,98,0,15,0.18302614151970545,0.18374912353494563,3.26405569239796e-14,1
16,49,98,-1,15,0.21364525481060034,0.2136452548106003,3.26405569239796e-14,1
16,49,98,0,16,0.2393913864424688,0.2159373354857636,3.26405569239796e-14,1
16,49,98,-1,16,0.19857969493804778,0.19857969493804775,3.26405569239796e-14,1
16,49,98,0,17,0.18913614090427952,0.21305734760313302,3.26405569239796e-14,1
16,49,98,-1,17,0.2145101119171468,0.21451011191714675,3.26405569239796e-14,1
16,49,98,0,18,0.2129864819643587,0.1944052292927132,3.26405569239796e-14,1
16,49,98,-1,18,0.20283161310146325,0.2028316131014632,3.26405569239796e-14,1
16,49,98,0,19,0.20103882999380698,0.17016211470722725,3.26405569239796e-14,1
16,49,98,-1,19,0.2116603505841063,0.21166035058410626,3.26405569239796e-14,1
16,49,98,0,20,0.2028930430610642,0.20299592784649645,3.26405569239796e-14,1
16,49,98,-1,20,0.20843102098896973,0.2084310209889697,3.26405569239796e-14,1
16,49,98,0,21,0.2251166106730514,0.17347372850275686,3.26405569239796e-14,1
16,49,98,-1,21,0.2116337749851197,0.21163377498511965,3.26405569239796e-14,1
16,49,98,0,22,0.18143034543551492,0.16105610135287166,3.26405569239796e-14,1
16,49,98,-1,22,0.20967705665872488,0.20967705665872483,3.26405569239796e-14,1
16,49,98,0,23,0.2209833276263116,0.17338705768359455,3.26405569239796e-14,1
16,49,98,-1,23,0.20746061824232098,0.20746061824232093,3.26405569239796e-14,1
16,49,98,0,24,0.19115229400839645,0.1381080988200282,3.26405569239796e-14,1
16,49,98,-1,24,0.20853325524770572,0.20853325524770566,3.26405569239796e-14,1
16,49,98,0,25,0.18201799649246472,0.1594036680899759,3.26405569239796e-14,1
16,49,98,-1,25,0.2190552907892686,0.21905529078926855,3.26405569239796e-14,1
16,49,98,0,26,0.22095317090574249,0.21153649347227813,3.26405569239796e-14,1
16,49,98,-1,26,0.22022284877742182,0.22022284877742176,3.26405569239796e-14,1
16,49,98,0,27,0.1837451309910448,0.17672427428853812,3.26405569239796e-14,1
16,49,98,-1,27,0.20822842861126636,0.2082284286112663,3.26405569239796e-14,1
16,49,98,0,28,0.17416747144036235,0.19131779295779675,3.26405569239796e-14,1
16,49,98,-1,28,0.20305792680233326,0.2030579268023332,3.26405569239796e-14,1
16,49,98,0,29,0.20928910651941954,0.1655152102316797,3.26405569239796e-14,1
16,49,98,-1,29,0.17852453134984037,0.17852453134984034,3.26405569239796e-14,1
16,49,98,0,30,0.20120691675898394,0.20901482725507367,3.26405569239796e-14,1
16,49,98,-1,30,0.21158356537609252,0.21158356537609246,3.26405569239796e-14,1
16,49,98,0,31,0.21159791744211212,0.18362778910318064,3.26405569239796e-14,1
16,49,98,-1,31,0.20964563112971962,0.2096456311297196,3.26405569239796e-14,1
16,49,98,0,32,0.1862325042969722,0.2216398762373532,3.26405569239796e-14,1
16,49,98,-1,32,0.22414506589670732,0.2241450658967073,3.26405569239796e-14,1
16,49,98,0,33,0.20478804714435533,0.1840285331883182,3.26405569239796e-14,1
16,49,98,-1,33,0.2174853405564833,0.21748534055648328,3.26405569239796e-14,1
16,49,98,0,34,0.2121366550056312,0.145162005502936,3.26405569239796e-14,1
16,49,98,-1,34,0.19858876246574447,0.19858876246574442,3.26405569239796e-14,1
16,49,98,0,35,0.20498540473592178,0.1478476723589694,3.26405569239796e-14,1
16,49,98,-1,35,0.19493268450096093,0.1949326845009609,3.26405569239796e-14,1
16,49,98,0,36,0.2080000033497156,0.172577502697059,3.26405569239796e-14,1
16,49,98,-1,36,0.2185913194520036,0.21859131945200355,3.26405569239796e-14,1
16,49,98,0,37,0.19280044287426376,0.1634072010925394,3.26405569239796e-14,1
16,49,98,-1,37,0.2141710704136765,0.21417107041367645,3.26405569239796e-14,1
16,49,98,0,38,0.18187496911771553,0.17699170231676642,3.26405569239796e-14,1
16,49,98,-1,38,0.20767796110889303,0.207677961108893,3.26405569239796e-14,1
16,49,98,0,39,0.18698056517182998,0.18694133008109765,3.26405569239796e-14,1
16,49,98,-1,39,0.18496809486259805,0.184968094862598,3.26405569239796e-14,1
16,49,98,0,40,0.160228477547967,0.13796075815145017,3.26405569239796e-14,1
16,49,98,-1,40,0.20976369653447802,0.209763696534478,3.26405569239796e-14,1
16,49,98,0,41,0.19194734883480227,0.21052869028634136,3.26405569239796e-14,1
16,49,98,-1,41,0.21317648304740233,0.21317648304740228,3.26405569239796e-14,1
16,49,98,0,42,0.18127529640631704,0.16169115742695248,3.26405569239796e-14,1
16,49,98,-1,42,0.21824841348001742,0.21824841348001736,3.26405569239796e-14,1
16,49,98,0,43,0.2071759550493493,0.13623222943020025,3.26405569239796e-14,1
16,49,98,-1,43,0.21708295360514934,0.2170829536051493,3.26405569239796e-14,1
16,49,98,0,44,0.1987282994939096,0.1685062999615067,3.26405569239796e-14,1
16,49,98,-1,44,0.19443016945190997,0.19443016945190972,3.26405569239796e-14,1
16,49,98,0,45,0.18147310641582787,0.1679001736633704,3.26405569239796e-14,1
16,49,98,-1,45,0.225310782980801,0.22531078298080098,3.26405569239796e-14,1
16,49,98,0,46,0.20456355315121255,0.18286644012664136,3.26405569239796e-14,1
16,49,98,-1,46,0.20252060127641583,0.2025206012764158,3.26405569239796e-14,1
16,49,98,0,47,0.20609955472335179,0.18043584995413423,3.26405569239796e-14,1
16,49,98,-1,47,0.2184615606903668,0.21846156069036674,3.26405569239796e-14,1
16,49,98,0,48,0.18720685279209595,0.17157366245165512,3.26405569239796e-14,1
16,49,98,-1,48,0.23003604633774302,0.23003604633774297,3.26405569239796e-14,1
16,49,98,0,49,0.17111965570084825,0.1699351646069119,3.26405569239796e-14,1
16,49,98,-1,49,0.18936795337108536,0.1893679533710853,3.26405569239796e-14,1
16,49,98,0,50,0.20939880722737717,0.18263426866910681,3.26405569239796e-14,1
16,49,98,-1,50,0.20624969932169185,0.2062496993216918,3.26405569239796e-14,1
16,49,98,0,51,0.1980816461058545,0.16414370983207235,3.26405569239796e-14,1
16,49,98,-1,51,0.20598677548987435,0.20598677548987415,3.26405569239796e-14,1
16,49,98,0,52,0.17016312931707875,0.17321224796404652,3.26405569239796e-14,1
16,49,98,-1,52,0.1956708908140181,0.19567089081401806,3.26405569239796e-14,1
16,49,98,0,53,0.20567129803933742,0.18584782312251305,3.26405569239796e-14,1
16,49,98,-1,53,0.19588201952989742,0.1958820195298974,3.26405569239796e-14,1
16,49,98,0,54,0.19500531223320922,0.18304508234182373,3.26405569239796e-14,1
16,49,98,-1,54,0.22486134767931557,0.22486134767931554,3.26405569239796e-14,1
16,49,98,0,55,0.20816487979563883,0.16999603888582443,3.26405569239796e-14,1
16,49,98,-1,55,0.1930966343418233,0.19309663434182328,3.26405569239796e-14,1
16,49,98,0,56,0.20647377669677355,0.15470943891498387,3.26405569239796e-14,1
16,49,98,-1,56,0.22464178168907356,0.2246417816890735,3.26405569239796e-14,1
16,49,98,0,57,0.1835101229034132,0.20207379867385297,3.26405569239796e-14,1
16,49,98,-1,57,0.20158213420751325,0.20158213420751322,3.26405569239796e-14,1
16,49,98,0,58,0.1984457319049927,0.20782842225951972,3.26405569239796e-14,1
16,49,98,-1,58,0.20056452131078392,0.2005645213107839,3.26405569239796e-14,1
16,49,98,0,59,0.20756181984771824,0.1753836369437439,3.26405569239796e-14,1
16,49,98,-1,59,0.21258530096817962,0.2125853009681796,3.26405569239796e-14,1
16,49,98,0,60,0.17635845255808932,0.18736936650778083,3.26405569239796e-14,1
16,49,98,-1,60,0.20499578430803206,0.20499578430803203,3.26405569239796e-14,1
16,49,98,0,61,0.16726259997290438,0.16697378973748675,3.26405569239796e-14,1
16,49,98,-1,61,0.2293260179051341,0.22932601790513407,3.26405569239796e-14,1
16,49,98,0,62,0.21316539058983688,0.19032636652499102,3.26405569239796e-14,1
16,49,98,-1,62,0.18918946609970427,0.18918946609970425,3.26405569239796e-14,1
16,49,98,0,63,0.18725851768942156,0.177760782264375,3.26405569239796e-14,1
16,49,98,-1,63,0.20916556664165664,0.2091655666416566,3.26405569239796e-14,1
32,97,194,0,0,0.13408698843385586,0.1388871919511131,6.461498003318411e-14,1
32,97,194,2,0,0.13408698843385577,0.00119734210864108,6.461498003318411e-14,1
32,97,194,3,0,0.13408698843385583,0.0014051247153078754,6.461498003318411e-14,1
32,97,194,4,0,0.1340869884338558,5.208971037161867e-05,6.461498003318411e-14,1
32,97,194,-1,0,0.15145911074619103,0.1514591107461904,6.461498003318411e-14,1
32,97,194,0,1,0.14404190473086645,0.1444007800458753,6.461498003318411e-14,1
32,97,194,-1,1,0.143758204621966,0.1437582046219654,6.461498003318411e-14,1
32,97,194,0,2,0.15385603510049023,0.13242536807326583,6.461498003318411e-14,1
32,97,194,-1,2,0.15570897159076907,0.15570897159076838,6.461498003318411e-14,1
32,97,194,0,3,0.14300361296625644,0.1144732162225141,6.461498003318411e-14,1
32,97,194,-1,3,0.16191546310877195,0.16191546310877125,6.461498003318411e-14,1
32,97,194,0,4,0.13560902680885153,0.12401194540548784,6.461498003318411e-14,1
32,97,194,-1,4,0.14204390338400263,0.14204390338400202,6.461498003318411e-14,1
32,97,194,0,5,0.15554454664014675,0.14442461499359188,6.461498003318411e-14,1
32,97,194,-1,5,0.1544723626689214,0.15447236266892073,6.461498003318411e-14,1
32,97,194,0,6,0.12726397103857134,0.12766600313226212,6.461498003318411e-14,1
32,97,194,-1,6,0.15216765188742862,0.15216765188742795,6.461498003318411e-14,1
32,97,194,0,7,0.14224917373167587,0.12789084161199507,6.461498003318411e-14,1
32,97,194,-1,7,0.15802840222303605,0.15802840222303538,6.461498003318411e-14,1
32,97,194,0,8,0.11137158026552334,0.11782327221794664,6.461498003318411e-14,1
32,97,194,-1,8,0.14784539147380632,0.14784539147380568,6.461498003318411e-14,1
32,97,194,0,9,0.14557358268536721,0.1427587033958205,6.461498003318411e-14,1
32,97,194,-1,9,0.15204580662417497,0.15204580662417433,6.461498003318411e-14,1
32,97,194,0,10,0.13539790205987015,0.13041653018235208,6.461498003318411e-14,1
32,97,194,-1,10,0.14641977021298114,0.1464197702129805,6.461498003318411e-14,1
32,97,194,0,11,0.14978625136763196,0.14587254105316486,6.461498003318411e-14,1
32,97,194,-1,11,0.150143263594871,0.15014326359487037,6.461498003318411e-14,1
32,97,194,0,12,0.13437297955252223,0.1442489323233869,6.461498003318411e-14,1
32,97,194,-1,12,0.15458782451986675,0.15458782451986608,6.461498003318411e-14,1
32,97,194,0,13,0.1362505346057672,0.15805877988251593,6.461498003318411e-14,1
32,97,194,-1,13,0.15471809642359216,0.1547180964235915,6.461498003318411e-14,1
32,97,194,0,14,0.14471957345097522,0.12023426416832306,6.461498003318411e-14,1
32,97,194,-1,14,0.14908724055447997,0.1490872405544793,6.461498003318411e-14,1
32,97,194,0,15,0.14610090301533293,0.12692103819662118,6.461498003318411e-14,1
32,97,194,-1,15,0.15639741474097554,0.15639741474097485,6.461498003318411e-14,1
32,97,194,0,16,0.14067276267591738,0.12722999238569388,6.461498003318411e-14,1
32,97,194,-1,16,0.15517921909447233,0.15517921909447166,6.461498003318411e-14,1
32,97,194,0,17,0.16101167960997848,0.15013533641076504,6.461498003318411e-14,1
32,97,194,-1,17,0.15399387627762995,0.15399387627762928,6.461498003318411e-14,1
32,97,194,0,18,0.12914602207172274,0.13803717273235303,6.461498003318411e-14,1
32,97,194,-1,18,0.14479213455569945,0.1447921345556988,6.461498003318411e-14,1
32,97,194,0,19,0.15096422381526062,0.13182688548931673,6.461498003318411e-14,1
32,97,194,-1,19,0.1570907159400729,0.15709071594007223,6.461498003318411e-14,1
32,97,194,0,20,0.15751266322656526,0.1447845695683511,6.461498003318411e-14,1
32,97,194,-1,20,0.15055190364906787,0.1505519036490672,6.461498003318411e-14,1
32,97,194,0,21,0.13491215685425834,0.14584375934510727,6.461498003318411e-14,1
32,97,194,-1,21,0.14553928983473643,0.14553928983473582,6.461498003318411e-14,1
32,97,194,0,22,0.15322848712074752,0.13211570290486313,6.461498003318411e-14,1
32,97,194,-1,22,0.142959924018401,0.14295992401840038,6.461498003318411e-14,1
32,97,194,0,23,0.13508882780016038,0.1359044876932078,6.461498003318411e-14,1
32,97,194,-1,23,0.14677502120253239,0.14677502120253175,6.461498003318411e-14,1
32,97,194,0,24,0.14947125383664256,0.12026522724985107,6.461498003318411e-14,1
32,97,194,-1,24,0.1532333978282466,0.15323339782824594,6.461498003318411e-14,1
32,97,194,0,25,0.14148342604825656,0.14263976571712492,6.461498003318411e-14,1
32,97,194,-1,25,0.15720307574201617,0.15720307574201547,6.461498003318411e-14,1
32,97,194,0,26,0.15974143087780873,0.14621020324461545,6.461498003318411e-14,1
32,97,194,-1,26,0.14878871267294036,0.14878871267293972,6.461498003318411e-14,1
32,97,194,0,27,0.14948493324301335,0.10995264594367474,6.461498003318411e-14,1
32,97,194,-1,27,0.14993172583227746,0.1499317258322768,6.461498003318411e-14,1
32,97,194,0,28,0.14731126501781874,0.1264750412329911,6.461498003318411e-14,1
32,97,194,-1,28,0.14852761217505897,0.14852761217505833,6.461498003318411e-14,1
32,97,194,0,29,0.13417403561806557,0.12991662598197137,6.461498003318411e-14,1
32,97,194,-1,29,0.15774462395547098,0.1577446239554703,6.461498003318411e-14,1
32,97,194,0,30,0.126509954087635,0.11261846419153204,6.461498003318411e-14,1
32,97,194,-1,30,0.15261936533717452,0.15261936533717385,6.461498003318411e-14,1
32,97,194,0,31,0.15262184594859216,0.13466081041105257,6.461498003318411e-14,1
32,97,194,-1,31,0.15698793179987625,0.15698793179987558,6.461498003318411e-14,1
32,97,194,0,32,0.1556575870726951,0.12672612157896637,6.461498003318411e-14,1
32,97,194,-1,32,0.1588295805341114,0.1588295805341107,6.461498003318411e-14,1
32,97,194,0,33,0.15276057968161516,0.1373243702991537,6.461498003318411e-14,1
32,97,194,-1,33,0.15365772561563076,0.1536577256156301,6.461498003318411e-14,1
32,97,194,0,34,0.1448490252511106,0.14175283237780814,6.461498003318411e-14,1
32,97,194,-1,34,0.15556817711379156,0.15556817711379087,6.461498003318411e-14,1
32,97,194,0,35,0.15488840720673902,0.13735010716750645,6.461498003318411e-14,1
32,97,194,-1,35,0.14515933227015976,0.14515933227015912,6.461498003318411e-14,1
32,97,194,0,36,0.14705290649546046,0.12915838903391172,6.461498003318411e-14,1
32,97,194,-1,36,0.15814218919675854,0.15814218919675785,6.461498003318411e-14,1
32,97,194,0,37,0.15786322001712055,0.12555472741479637,6.461498003318411e-14,1
32,97,194,-1,37,0.15377986330141374,0.15377986330141308,6.461498003318411e-14,1
32,97,194,0,38,0.14653871956232953,0.13296597841207006,6.461498003318411e-14,1
32,97,194,-1,38,0.15580336368109415,0.1558033636810935,6.461498003318411e-14,1
32,97,194,0,39,0.13656664231310495,0.1407176848578257,6.461498003318411e-14,1
32,97,194,-1,39,0.1462855482290341,0.1462855482290335,6.461498003318411e-14,1
32,97,194,0,40,0.14932977279417908,0.12601950426201322,6.461498003318411e-14,1
32,97,194,-1,40,0.15433797339623703,0.15433797339623617,6.461498003318411e-14,1
32,97,194,0,41,0.1463052965706443,0.15130600930655205,6.461498003318411e-14,1
32,97,194,-1,41,0.14759712659972635,0.1475971265997257,6.461498003318411e-14,1
32,97,194,0,42,0.13819813455068078,0.13469605837129645,6.461498003318411e-14,1
32,97,194,-1,42,0.14344490086867354,0.1434449008686729,6.461498003318411e-14,1
32,97,194,0,43,0.1409948715656312,0.11615029263429219,6.461498003318411e-14,1
32,97,194,-1,43,0.15671914127328798,0.15671914127328732,6.461498003318411e-14,1
32,97,194,0,44,0.15164005271306444,0.11911927776000614,6.461498003318411e-14,1
32,97,194,-1,44,0.14976002279162842,0.14976002279162778,6.461498003318411e-14,1
32,97,194,0,45,0.1553576541909287,0.1339034122777357,6.461498003318411e-14,1
32,97,194,-1,45,0.15569944155622104,0.15569944155622037,6.461498003318411e-14,1
32,97,194,0,46,0.1532143248094657,0.11976660676397663,6.461498003318411e-14,1
32,97,194,-1,46,0.14256872192403522,0.1425687219240346,6.461498003318411e-14,1
32,97,194,0,47,0.12863558668055491,0.12083241023212894,6.461498003318411e-14,1
32,97,194,-1,47,0.1519599799364782,0.15195997993647753,6.461498003318411e-14,1
32,97,194,0,48,0.15081989029230994,0.13238563504442927,6.461498003318411e-14,1
32,97,194,-1,48,0.154018161249603,0.15401816124960233,6.461498003318411e-14,1
32,97,194,0,49,0.1392491717756971,0.12218166404780201,6.461498003318411e-14,1
32,97,194,-1,49,0.15604550471323966,0.156045504713239,6.461498003318411e-14,1
32,97,194,0,50,0.14983808946315774,0.14134147689335352,6.461498003318411e-14,1
32,97,194,-1,50,0.1541771818699341,0.15417718186993343,6.461498003318411e-14,1
32,97,194,0,51,0.143623522624895,0.12612452819611156,6.461498003318411e-14,1
32,97,194,-1,51,0.14955913060643256,0.14955913060643192,6.461498003318411e-14,1
32,97,194,0,52,0.14684528421344317,0.13156159271514511,6.461498003318411e-14,1
32,97,194,-1,52,0.16269019038798513,0.16269019038798443,6.461498003318411e-14,1
32,97,194,0,53,0.14976152878203358,0.11230033788702462,6.461498003318411e-14,1
32,97,194,-1,53,0.16242695357117995,0.16242695357117926,6.461498003318411e-14,1
32,97,194,0,54,0.14865934517360302,0.14200407135733373,6.461498003318411e-14,1
32,97,194,-1,54,0.1513318707120596,0.15133187071205897,6.461498003318411e-14,1
32,97,194,0,55,0.1481875095414176,0.12151364358629581,6.461498003318411e-14,1
32,97,194,-1,55,0.1579648614509239,0.1579648614509232,6.461498003318411e-14,1
32,97,194,0,56,0.1371210770007457,0.1440486843585999,6.461498003318411e-14,1
32,97,194,-1,56,0.15402615830925956,0.1540261583092589,6.461498003318411e-14,1
32,97,194,0,57,0.14551427527067945,0.14729478436981416,6.461498003318411e-14,1
32,97,194,-1,57,0.151650546332401,0.15165054633240033,6.461498003318411e-14,1
32,97,194,0,58,0.13542583101319122,0.12771461920279298,6.461498003318411e-14,1
32,97,194,-1,58,0.1594409693065954,0.1594409693065947,6.461498003318411e-14,1
32,97,194,0,59,0.12808486390083726,0.15355873074560458,6.461498003318411e-14,1
32,97,194,-1,59,0.1504531260509373,0.15045312605093666,6.461498003318411e-14,1
32,97,194,0,60,0.1480322120335039,0.14827757232589317,6.461498003318411e-14,1
32,97,194,-1,60,0.1538132676153742,0.15381326761537353,6.461498003318411e-14,1
32,97,194,0,61,0.14644037496972798,0.11916702990170268,6.461498003318411e-14,1
32,97,194,-1,61,0.15918423573053092,0.15918423573053023,6.461498003318411e-14,1
32,97,194,0,62,0.13814534147807842,0.13106055149068796,6.461498003318411e-14,1
32,97,194,-1,62,0.15879567465496086,0.1587956746549602,6.461498003318411e-14,1
32,97,194,0,63,0.13758028683002974,0.13886423745447196,6.461498003318411e-14,1
32,97,194,-1,63,0.15817240430455973,0.15817240430455903,6.461498003318411e-14,1
64,193,386,0,0,0.1064194921235541,0.10205748017502815,1.2856382625159313e-13,1
64,193,386,2,0,0.10641949212355414,0.0007918083846026809,1.2856382625159313e-13,1
64,193,386,3,0,0.10641949212355409,8.24979508082979e-07,1.2856382625159313e-13,1
64,193,386,4,0,0.10641949212355406,1.0317029295734474e-06,1.2856382625159313e-13,1
64,193,386,-1,0,0.11530493839603251,0.11530493839603051,1.2856382625159313e-13,1
64,193,386,0,1,0.10489988474035745,0.09721553335252953,1.2856382625159313e-13,1
64,193,386,-1,1,0.11020878962248798,0.11020878962248606,1.2856382625159313e-13,1
64,193,386,0,2,0.09529959681241387,0.09379076770529443,1.2856382625159313e-13,1
64,193,386,-1,2,0.10827006340564199,0.10827006340564012,1.2856382625159313e-13,1
64,193,386,0,3,0.09864862878163068,0.0966518162067731,1.2856382625159313e-13,1
64,193,386,-1,3,0.10824889789368315,0.10824889789368126,1.2856382625159313e-13,1
64,193,386,0,4,0.11024629238734864,0.09258017585261605,1.2856382625159313e-13,1
64,193,386,-1,4,0.1075753983401169,0.10757539834011502,1.2856382625159313e-13,1
64,193,386,0,5,0.09893970943696437,0.09568428420930332,1.2856382625159313e-13,1
64,193,386,-1,5,0.11532579991334933,0.11532579991334733,1.2856382625159313e-13,1
64,193,386,0,6,0.10148061743958788,0.0966616322139477,1.2856382625159313e-13,1
64,193,386,-1,6,0.11121994327857902,0.11121994327857708,1.2856382625159313e-13,1
64,193,386,0,7,0.10228049775228974,0.09389152453556415,1.2856382625159313e-13,1
64,193,386,-1,7,0.10900546310455651,0.10900546310455463,1.2856382625159313e-13,1
64,193,386,0,8,0.1079817720877091,0.09342780951292162,1.2856382625159313e-13,1
64,193,386,-1,8,0.11209947822583174,0.11209947822582979,1.2856382625159313e-13,1
64,193,386,0,9,0.09779851116708702,0.09344553576542833,1.2856382625159313e-13,1
64,193,386,-1,9,0.10894916219026003,0.10894916219025813,1.2856382625159313e-13,1
64,193,386,0,10,0.1025827163193041,0.09906438735455139,1.2856382625159313e-13,1
64,193,386,-1,10,0.10883297326862774,0.10883297326862586,1.2856382625159313e-13,1
64,193,386,0,11,0.10079738922130838,0.09949899642891447,1.2856382625159313e-13,1
64,193,386,-1,11,0.10598198517544727,0.10598198517544542,1.2856382625159313e-13,1
64,193,386,0,12,0.10424832208891437,0.10007859416955153,1.2856382625159313e-13,1
64,193,386,-1,12,0.11393579713676555,0.11393579713676356,1.2856382625159313e-13,1
64,193,386,0,13,0.0996032246050862,0.0905186777571806,1.2856382625159313e-13,1
64,193,386,-1,13,0.10613760548521964,0.10613760548521779,1.2856382625159313e-13,1
64,193,386,0,14,0.11070474624731574,0.09747612690395577,1.2856382625159313e-13,1
64,193,386,-1,14,0.10752968377370868,0.10752968377370681,1.2856382625159313e-13,1
64,193,386,0,15,0.10134269570506328,0.09260526476667112,1.2856382625159313e-13,1
64,193,386,-1,15,0.11469160830796103,0.11469160830795903,1.2856382625159313e-13,1
64,193,386,0,16,0.10646885914257273,0.09477863038066546,1.2856382625159313e-13,1
64,193,386,-1,16,0.11064512523745505,0.11064512523745312,1.2856382625159313e-13,1
64,193,386,0,17,0.10750637888712769,0.09196772861071965,1.2856382625159313e-13,1
64,193,386,-1,17,0.11084988718668846,0.11084988718668654,1.2856382625159313e-13,1
64,193,386,0,18,0.107815943557424,0.09372275110731966,1.2856382625159313e-13,1
64,193,386,-1,18,0.11294022228436466,0.1129402222843627,1.2856382625159313e-13,1
64,193,386,0,19,0.1035467047534564,0.09670238163679279,1.2856382625159313e-13,1
64,193,386,-1,19,0.10521767573725284,0.105217675737251,1.2856382625159313e-13,1
64,193,386,0,20,0.10688667743771584,0.09394269181845867,1.2856382625159313e-13,1
64,193,386,-1,20,0.11278721370426853,0.11278721370426656,1.2856382625159313e-13,1
64,193,386,0,21,0.10354310701550756,0.09986827848240297,1.2856382625159313e-13,1
64,193,386,-1,21,0.11104341650878943,0.1110434165087875,1.2856382625159313e-13,1
64,193,386,0,22,0.10887241445979733,0.09823986402737568,1.2856382625159313e-13,1
64,193,386,-1,22,0.11035812611405173,0.1103581261140498,1.2856382625159313e-13,1
64,193,386,0,23,0.10817289912032627,0.1029957898678756,1.2856382625159313e-13,1
64,193,386,-1,23,0.10806322547737697,0.1080632254773751,1.2856382625159313e-13,1
64,193,386,0,24,0.10372453825426317,0.10069346098055028,1.2856382625159313e-13,1
64,193,386,-1,24,0.11486844601129992,0.1148684460112979,1.2856382625159313e-13,1
64,193,386,0,25,0.10555071314840668,0.09588547962959831,1.2856382625159313e-13,1
64,193,386,-1,25,0.10764292030854582,0.10764292030854394,1.2856382625159313e-13,1
64,193,386,0,26,0.10744785773177974,0.09725661370910224,1.2856382625159313e-13,1
64,193,386,-1,26,0.11234932648348132,0.11234932648347937,1.2856382625159313e-13,1
64,193,386,0,27,0.10840588713114112,0.09714315470944083,1.2856382625159313e-13,1
64,193,386,-1,27,0.11069060659266586,0.11069060659266393,1.2856382625159313e-13,1
64,193,386,0,28,0.11046953678446814,0.10078131900363882,1.2856382625159313e-13,1
64,193,386,-1,28,0.11394136427851526,0.11394136427851327,1.2856382625159313e-13,1
64,193,386,0,29,0.10245886446460846,0.09971088010280985,1.2856382625159313e-13,1
64,193,386,-1,29,0.11133957735709263,0.11133957735709069,1.2856382625159313e-13,1
64,193,386,0,30,0.1047436459757752,0.09658831041419678,1.2856382625159313e-13,1
64,193,386,-1,30,0.1100548506435635,0.11005485064356159,1.2856382625159313e-13,1
64,193,386,0,31,0.10581553583209131,0.0912720398750104,1.2856382625159313e-13,1
64,193,386,-1,31,0.10548293805874362,0.10548293805874179,1.2856382625159313e-13,1
64,193,386,0,32,0.10714684566545798,0.09336345141771825,1.2856382625159313e-13,1
64,193,386,-1,32,0.11019011168734083,0.1101901116873389,1.2856382625159313e-13,1
64,193,386,0,33,0.11064528653284024,0.097073508622015,1.2856382625159313e-13,1
64,193,386,-1,33,0.10649726044362938,0.10649726044362752,1.2856382625159313e-13,1
64,193,386,0,34,0.1122253197755266,0.09470082487511744,1.2856382625159313e-13,1
64,193,386,-1,34,0.11511627610894105,0.11511627610893906,1.2856382625159313e-13,1
64,193,386,0,35,0.11436390961220937,0.1046156128587828,1.2856382625159313e-13,1
64,193,386,-1,35,0.10615317895212845,0.1061531789521266,1.2856382625159313e-13,1
64,193,386,0,36,0.09864142941856831,0.09111715551496871,1.2856382625159313e-13,1
64,193,386,-1,36,0.1023934231431566,0.10239342314315482,1.2856382625159313e-13,1
64,193,386,0,37,0.10325346934920483,0.1004205636018461,1.2856382625159313e-13,1
64,193,386,-1,37,0.11091984556684337,0.11091984556684144,1.2856382625159313e-13,1
64,193,386,0,38,0.10395497840147018,0.0949718913231537,1.2856382625159313e-13,1
64,193,386,-1,38,0.10387036553630669,0.10387036553630487,1.2856382625159313e-13,1
64,193,386,0,39,0.1067525200793476,0.10795695526194041,1.2856382625159313e-13,1
64,193,386,-1,39,0.10766628938967397,0.1076662893896721,1.2856382625159313e-13,1
64,193,386,0,40,0.09874941201217552,0.10108659354386298,1.2856382625159313e-13,1
64,193,386,-1,40,0.11168245458722989,0.11168245458722795,1.2856382625159313e-13,1
64,193,386,0,41,0.10193982753436541,0.10478222831849388,1.2856382625159313e-13,1
64,193,386,-1,41,0.1077148803531594,0.10771488035315752,1.2856382625159313e-13,1
64,193,386,0,42,0.10963637310127776,0.09518078780140775,1.2856382625159313e-13,1
64,193,386,-1,42,0.10929837916487528,0.10929837916487338,1.2856382625159313e-13,1
64,193,386,0,43,0.10417999095362489,0.10716201438155652,1.2856382625159313e-13,1
64,193,386,-1,43,0.11258570889608681,0.11258570889608485,1.2856382625159313e-13,1
64,193,386,0,44,0.1081622506709663,0.09783246392104629,1.2856382625159313e-13,1
64,193,386,-1,44,0.11341389995798973,0.11341389995798776,1.2856382625159313e-13,1
64,193,386,0,45,0.10949805844995525,0.09316432189577566,1.2856382625159313e-13,1
64,193,386,-1,45,0.11143718927722247,0.11143718927722053,1.2856382625159313e-13,1
64,193,386,0,46,0.1023944571708594,0.10218471301736158,1.2856382625159313e-13,1
64,193,386,-1,46,0.11047021861606413,0.11047021861606221,1.2856382625159313e-13,1
64,193,386,0,47,0.10682705063924146,0.10622589697176532,1.2856382625159313e-13,1
64,193,386,-1,47,0.11074028340642869,0.11074028340642676,1.2856382625159313e-13,1
64,193,386,0,48,0.10930279769648284,0.09588330699244058,1.2856382625159313e-13,1
64,193,386,-1,48,0.10177711417630117,0.1017771141762994,1.2856382625159313e-13,1
64,193,386,0,49,0.10741801562650094,0.09776738112032968,1.2856382625159313e-13,1
64,193,386,-1,49,0.11334426610213466,0.11334426610213269,1.2856382625159313e-13,1
64,193,386,0,50,0.0971139328427287,0.09662438163243156,1.2856382625159313e-13,1
64,193,386,-1,50,0.11345879845455238,0.1134587984545504,1.2856382625159313e-13,1
64,193,386,0,51,0.1068576409970316,0.09804959313688638,1.2856382625159313e-13,1
64,193,386,-1,51,0.10964603180381331,0.10964603180381141,1.2856382625159313e-13,1
64,193,386,0,52,0.10293749382948236,0.0955651527633498,1.2856382625159313e-13,1
64,193,386,-1,52,0.1145908787422607,0.11459087874225872,1.2856382625159313e-13,1
64,193,386,0,53,0.10814645608627299,0.09397266333422305,1.2856382625159313e-13,1
64,193,386,-1,53,0.10947326296716064,0.10947326296715874,1.2856382625159313e-13,1
64,193,386,0,54,0.10482829103124225,0.09699893196327387,1.2856382625159313e-13,1
64,193,386,-1,54,0.11183104654228644,0.1118310465422845,1.2856382625159313e-13,1
64,193,386,0,55,0.10617124903671098,0.0972237573257818,1.2856382625159313e-13,1
64,193,386,-1,55,0.11364543738246644,0.11364543738246445,1.2856382625159313e-13,1
64,193,386,0,56,0.10944606885853486,0.10216786448361628,1.2856382625159313e-13,1
64,193,386,-1,56,0.10246077938547592,0.10246077938547414,1.2856382625159313e-13,1
64,193,386,0,57,0.10134454220079608,0.09483630487091767,1.2856382625159313e-13,1
64,193,386,-1,57,0.10741716952647794,0.10741716952647606,1.2856382625159313e-13,1
64,193,386,0,58,0.1076470854521935,0.09951425711937208,1.2856382625159313e-13,1
64,193,386,-1,58,0.11322040128610845,0.11322040128610648,1.2856382625159313e-13,1
64,193,386,0,59,0.10720064545014084,0.10383311567361936,1.2856382625159313e-13,1
64,193,386,-1,59,0.10826196710631396,0.10826196710631207,1.2856382625159313e-13,1
64,193,386,0,60,0.10424711161671671,0.1051548515456929,1.2856382625159313e-13,1
64,193,386,-1,60,0.11143604178131959,0.11143604178131766,1.2856382625159313e-13,1
64,193,386,0,61,0.0935923930960841,0.0934733150355129,1.2856382625159313e-13,1
64,193,386,-1,61,0.11156823449093298,0.11156823449093103,1.2856382625159313e-13,1
64,193,386,0,62,0.10575784136782536,0.10943964295983932,1.2856382625159313e-13,1
64,193,386,-1,62,0.10466661192833362,0.1046666119283318,1.2856382625159313e-13,1
64,193,386,0,63,0.1085060659097746,0.10188625916629468,1.2856382625159313e-13,1
64,193,386,-1,63,0.1103118019199226,0.11031180191992067,1.2856382625159313e-13,1
128,385,770,0,0,0.07778700974141203,0.07013217277668142,2.5646151868841116e-13,1
128,385,770,2,0,0.07778700974141209,0.0003605541273151785,2.5646151868841116e-13,1
128,385,770,3,0,0.07778700974141214,2.3068046211206638e-05,2.5646151868841116e-13,1
128,385,770,4,0,0.07778700974141195,7.878362432845442e-06,2.5646151868841116e-13,1
128,385,770,-1,0,0.08021763189015318,0.08021763189015053,2.5646151868841116e-13,1
128,385,770,0,1,0.07782465993275312,0.06893566729277853,2.5646151868841116e-13,1
128,385,770,-1,1,0.07878983253673788,0.07878983253673529,2.5646151868841116e-13,1
128,385,770,0,2,0.07699546815910885,0.07010163434588917,2.5646151868841116e-13,1
128,385,770,-1,2,0.08106229553141958,0.08106229553141692,2.5646151868841116e-13,1
128,385,770,0,3,0.07434934290973873,0.07119345164496912,2.5646151868841116e-13,1
128,385,770,-1,3,0.08089085453644339,0.08089085453644072,2.5646151868841116e-13,1
128,385,770,0,4,0.07509189219371744,0.07507197477294013,2.5646151868841116e-13,1
128,385,770,-1,4,0.07901578976785133,0.07901578976784872,2.5646151868841116e-13,1
128,385,770,0,5,0.07336568038389396,0.07677111672831463,2.5646151868841116e-13,1
128,385,770,-1,5,0.08084065262495979,0.08084065262495711,2.5646151868841116e-13,1
128,385,770,0,6,0.07798737509121968,0.07389755947789017,2.5646151868841116e-13,1
128,385,770,-1,6,0.07720661150703798,0.07720661150703542,2.5646151868841116e-13,1
128,385,770,0,7,0.07319615735473196,0.06930304159081366,2.5646151868841116e-13,1
128,385,770,-1,7,0.08049690179054092,0.08049690179053827,2.5646151868841116e-13,1
128,385,770,0,8,0.07521911117657654,0.06918398286055007,2.5646151868841116e-13,1
128,385,770,-1,8,0.0809699244982816,0.08096992449827892,2.5646151868841116e-13,1
128,385,770,0,9,0.07221079662591824,0.07442703075070854,2.5646151868841116e-13,1
128,385,770,-1,9,0.07852376461650558,0.07852376461650298,2.5646151868841116e-13,1
128,385,770,0,10,0.07781341581611408,0.07182031785083824,2.5646151868841116e-13,1
128,385,770,-1,10,0.08060579704214563,0.08060579704214298,2.5646151868841116e-13,1
128,385,770,0,11,0.07600944790640915,0.07525930698301472,2.5646151868841116e-13,1
128,385,770,-1,11,0.08059370369151435,0.08059370369151168,2.5646151868841116e-13,1
128,385,770,0,12,0.07756609976707508,0.06906414916497139,2.5646151868841116e-13,1
128,385,770,-1,12,0.0784336725385532,0.07843367253855062,2.5646151868841116e-13,1
128,385,770,0,13,0.07702106659358958,0.0722974470117251,2.5646151868841116e-13,1
128,385,770,-1,13,0.08163052760745985,0.08163052760745716,2.5646151868841116e-13,1
128,385,770,0,14,0.07764470648017863,0.07432396024572109,2.5646151868841116e-13,1
128,385,770,-1,14,0.0810783761189783,0.08107837611897561,2.5646151868841116e-13,1
128,385,770,0,15,0.07719797051089881,0.06828309149667083,2.5646151868841116e-13,1
128,385,770,-1,15,0.07907731686268785,0.07907731686268524,2.5646151868841116e-13,1
128,385,770,0,16,0.07579145093681974,0.06851816316928577,2.5646151868841116e-13,1
128,385,770,-1,16,0.07922968577475435,0.07922968577475174,2.5646151868841116e-13,1
128,385,770,0,17,0.07567160817578494,0.07279317751761259,2.5646151868841116e-13,1
128,385,770,-1,17,0.07979140481313819,0.07979140481313556,2.5646151868841116e-13,1
128,385,770,0,18,0.07378800432860053,0.07120813691168383,2.5646151868841116e-13,1
128,385,770,-1,18,0.08011043797863547,0.08011043797863282,2.5646151868841116e-13,1
128,385,770,0,19,0.07817984378982215,0.07150520615084635,2.5646151868841116e-13,1
128,385,770,-1,19,0.0810403027666293,0.08104030276662662,2.5646151868841116e-13,1
128,385,770,0,20,0.07591733224580201,0.07549617279638973,2.5646151868841116e-13,1
128,385,770,-1,20,0.08120619722860237,0.08120619722859969,2.5646151868841116e-13,1
128,385,770,0,21,0.07385373402946577,0.07102270647350986,2.5646151868841116e-13,1
128,385,770,-1,21,0.08034028774289777,0.08034028774289512,2.5646151868841116e-13,1
128,385,770,0,22,0.07415670362408723,0.0729400564341532,2.5646151868841116e-13,1
128,385,770,-1,22,0.08143016627961747,0.08143016627961477,2.5646151868841116e-13,1
128,385,770,0,23,0.07692265708407191,0.07423115093918117,2.5646151868841116e-13,1
128,385,770,-1,23,0.07922737657914626,0.07922737657914365,2.5646151868841116e-13,1
128,385,770,0,24,0.07782258360757247,0.071336428721487,2.5646151868841116e-13,1
128,385,770,-1,24,0.07912104885788232,0.07912104885787971,2.5646151868841116e-13,1
128,385,770,0,25,0.07693516920800844,0.07180435405393336,2.5646151868841116e-13,1
128,385,770,-1,25,0.07845956145060658,0.078459561450604,2.5646151868841116e-13,1
128,385,770,0,26,0.07651604343706984,0.06911281519306953,2.5646151868841116e-13,1
128,385,770,-1,26,0.08060154301267831,0.08060154301267565,2.5646151868841116e-13,1
128,385,770,0,27,0.07794653537160869,0.07239740783152684,2.5646151868841116e-13,1
128,385,770,-1,27,0.08101015020122945,0.08101015020122679,2.5646151868841116e-13,1
128,385,770,0,28,0.07591464070489455,0.06713680050628738,2.5646151868841116e-13,1
128,385,770,-1,28,0.0790142306677955,0.07901423066779291,2.5646151868841116e-13,1
128,385,770,0,29,0.07305939819077895,0.0715514934426613,2.5646151868841116e-13,1
128,385,770,-1,29,0.08084505531219853,0.08084505531219585,2.5646151868841116e-13,1
128,385,770,0,30,0.07611939881073468,0.06759639790961276,2.5646151868841116e-13,1
128,385,770,-1,30,0.08013106654111457,0.08013106654111192,2.5646151868841116e-13,1
128,385,770,0,31,0.07590521702581658,0.06918598396375099,2.5646151868841116e-13,1
128,385,770,-1,31,0.07770941837353273,0.07770941837353017,2.5646151868841116e-13,1
128,385,770,0,32,0.07475353973444354,0.07057692593025437,2.5646151868841116e-13,1
128,385,770,-1,32,0.08100394204780528,0.0810039420478026,2.5646151868841116e-13,1
128,385,770,0,33,0.07836014989824201,0.07177507857817769,2.5646151868841116e-13,1
128,385,770,-1,33,0.0781755201508702,0.07817552015086762,2.5646151868841116e-13,1
128,385,770,0,34,0.07199805444807808,0.06434534012836628,2.5646151868841116e-13,1
128,385,770,-1,34,0.07497064593323162,0.07497064593322915,2.5646151868841116e-13,1
128,385,770,0,35,0.0773030347666083,0.0742366079572726,2.5646151868841116e-13,1
128,385,770,-1,35,0.079160285665334,0.07916028566533138,2.5646151868841116e-13,1
128,385,770,0,36,0.07841902211602556,0.06968337481757654,2.5646151868841116e-13,1
128,385,770,-1,36,0.07990177066485579,0.07990177066485316,2.5646151868841116e-13,1
128,385,770,0,37,0.07692437513160952,0.07334683242126064,2.5646151868841116e-13,1
128,385,770,-1,37,0.08143969540763246,0.08143969540762977,2.5646151868841116e-13,1
128,385,770,0,38,0.07837086281201132,0.06936771555667079,2.5646151868841116e-13,1
128,385,770,-1,38,0.08076918280283764,0.08076918280283497,2.5646151868841116e-13,1
128,385,770,0,39,0.07767149977667842,0.07335290442874737,2.5646151868841116e-13,1
128,385,770,-1,39,0.0806641435076713,0.08066414350766865,2.5646151868841116e-13,1
128,385,770,0,40,0.07233925730971003,0.06613658270794506,2.5646151868841116e-13,1
128,385,770,-1,40,0.0793471737090948,0.07934717370909218,2.5646151868841116e-13,1
128,385,770,0,41,0.07856263469363549,0.062453754449007554,2.5646151868841116e-13,1
128,385,770,-1,41,0.07646416213538364,0.07646416213538111,2.5646151868841116e-13,1
128,385,770,0,42,0.07606554815577073,0.06841630031885049,2.5646151868841116e-13,1
128,385,770,-1,42,0.0800857741825385,0.08008577418253586,2.5646151868841116e-13,1
128,385,770,0,43,0.08021041435617421,0.07155986834292873,2.5646151868841116e-13,1
128,385,770,-1,43,0.0794875263812346,0.07948752638123198,2.5646151868841116e-13,1
128,385,770,0,44,0.07888014592751529,0.07313370582891364,2.5646151868841116e-13,1
128,385,770,-1,44,0.07989054417627123,0.07989054417626859,2.5646151868841116e-13,1
128,385,770,0,45,0.07376566632736084,0.06815455165744226,2.5646151868841116e-13,1
128,385,770,-1,45,0.0796317662707301,0.07963176627072747,2.5646151868841116e-13,1
128,385,770,0,46,0.07755852342569695,0.07567441375415197,2.5646151868841116e-13,1
128,385,770,-1,46,0.08015120865238357,0.08015120865238091,2.5646151868841116e-13,1
128,385,770,0,47,0.07684943032779172,0.07394323997477817,2.5646151868841116e-13,1
128,385,770,-1,47,0.07806583153278127,0.0780658315327787,2.5646151868841116e-13,1
128,385,770,0,48,0.0782291023108472,0.06972612626648182,2.5646151868841116e-13,1
128,385,770,-1,48,0.08002375927930323,0.08002375927930058,2.5646151868841116e-13,1
128,385,770,0,49,0.07621087820697141,0.07039975141683663,2.5646151868841116e-13,1
128,385,770,-1,49,0.0802782603946274,0.08027826039462475,2.5646151868841116e-13,1
128,385,770,0,50,0.07220266251688871,0.07272727457841378,2.5646151868841116e-13,1
128,385,770,-1,50,0.07675258996475,0.07675258996474747,2.5646151868841116e-13,1
128,385,770,0,51,0.07709276888638647,0.07051212482036127,2.5646151868841116e-13,1
128,385,770,-1,51,0.07703147008712835,0.07703147008712581,2.5646151868841116e-13,1
128,385,770,0,52,0.07460545015034699,0.07221664592802732,2.5646151868841116e-13,1
128,385,770,-1,52,0.07715232525507838,0.07715232525507584,2.5646151868841116e-13,1
128,385,770,0,53,0.07654222730795417,0.07202286904972578,2.5646151868841116e-13,1
128,385,770,-1,53,0.08009470813473588,0.08009470813473324,2.5646151868841116e-13,1
128,385,770,0,54,0.07832397117350455,0.07367164456193749,2.5646151868841116e-13,1
128,385,770,-1,54,0.08003641088331288,0.08003641088331025,2.5646151868841116e-13,1
128,385,770,0,55,0.07481458637021668,0.0724737032922195,2.5646151868841116e-13,1
128,385,770,-1,55,0.07924436450092143,0.07924436450091882,2.5646151868841116e-13,1
128,385,770,0,56,0.07643126410145085,0.07160254152922643,2.5646151868841116e-13,1
128,385,770,-1,56,0.07971383876645805,0.07971383876645541,2.5646151868841116e-13,1
128,385,770,0,57,0.0800517711074093,0.06812169796320465,2.5646151868841116e-13,1
128,385,770,-1,57,0.08022322201438484,0.08022322201438219,2.5646151868841116e-13,1
128,385,770,0,58,0.07654550740846455,0.06949679627665119,2.5646151868841116e-13,1
128,385,770,-1,58,0.08253302531177999,0.08253302531177727,2.5646151868841116e-13,1
128,385,770,0,59,0.076513399401436,0.07329750045614368,2.5646151868841116e-13,1
128,385,770,-1,59,0.07878079723371263,0.07878079723371002,2.5646151868841116e-13,1
128,385,770,0,60,0.07354384318904976,0.07195654455497348,2.5646151868841116e-13,1
128,385,770,-1,60,0.07643875988862014,0.07643875988861763,2.5646151868841116e-13,1
128,385,770,0,61,0.07522262102804737,0.06989746260163202,2.5646151868841116e-13,1
128,385,770,-1,61,0.08021478339652151,0.08021478339651886,2.5646151868841116e-13,1
128,385,770,0,62,0.07312571243997973,0.07509227172883705,2.5646151868841116e-13,1
128,385,770,-1,62,0.08048504782485678,0.08048504782485413,2.5646151868841116e-13,1
128,385,770,0,63,0.07616221779301548,0.07462893938182229,2.5646151868841116e-13,1
128,385,770,-1,63,0.0832074042928691,0.08320740429286637,2.5646151868841116e-13,1
256,769,1538,0,0,0.05558511874307181,0.05416788155299283,5.122569035620472e-13,1
256,769,1538,2,0,0.055585118743071774,0.0002569107861841958,5.122569035620472e-13,1
256,769,1538,3,0,0.05558511874307189,2.8850222527894556e-06,5.122569035620472e-13,1
256,769,1538,4,0,0.05558511874307184,1.4193894530007772e-06,5.122569035620472e-13,1
256,769,1538,-1,0,0.05657712866048907,0.05657712866049106,5.122569035620472e-13,1
256,769,1538,0,1,0.05386505155408617,0.05146005389969935,5.122569035620472e-13,1
256,769,1538,-1,1,0.057286606692216295,0.057286606692218314,5.122569035620472e-13,1
256,769,1538,0,2,0.05526365554575531,0.05263509017944525,5.122569035620472e-13,1
256,769,1538,-1,2,0.05663660158923345,0.05663660158923545,5.122569035620472e-13,1
256,769,1538,0,3,0.05494380284452516,0.051753738994635666,5.122569035620472e-13,1
256,769,1538,-1,3,0.05740386813410682,0.05740386813410884,5.122569035620472e-13,1
256,769,1538,0,4,0.055480853059366814,0.05135421116861837,5.122569035620472e-13,1
256,769,1538,-1,4,0.05665698796994346,0.056656987969945456,5.122569035620472e-13,1
256,769,1538,0,5,0.053410066079705276,0.053194616711701226,5.122569035620472e-13,1
256,769,1538,-1,5,0.05685875765723251,0.05685875765723451,5.122569035620472e-13,1
256,769,1538,0,6,0.055000447920701676,0.05088652395076831,5.122569035620472e-13,1
256,769,1538,-1,6,0.057305843070605954,0.05730584307060797,5.122569035620472e-13,1
256,769,1538,0,7,0.054963687314301325,0.053102714602488256,5.122569035620472e-13,1
256,769,1538,-1,7,0.05550876790238463,0.05550876790238658,5.122569035620472e-13,1
256,769,1538,0,8,0.05433606883611947,0.04972910598628477,5.122569035620472e-13,1
256,769,1538,-1,8,0.057540453418951754,0.05754045341895378,5.122569035620472e-13,1
256,769,1538,0,9,0.05504231778174384,0.052149009658080815,5.122569035620472e-13,1
256,769,1538,-1,9,0.057643330265343955,0.05764333026534599,5.122569035620472e-13,1
256,769,1538,0,10,0.05472738242304771,0.05450110329576513,5.122569035620472e-13,1
256,769,1538,-1,10,0.05679083958567763,0.056790839585679626,5.122569035620472e-13,1
256,769,1538,0,11,0.051251792609018534,0.05271477693190578,5.122569035620472e-13,1
256,769,1538,-1,11,0.05483878053587885,0.05483878053588078,5.122569035620472e-13,1
256,769,1538,0,12,0.056174563088893126,0.05396337465293027,5.122569035620472e-13,1
256,769,1538,-1,12,0.057233674625184576,0.05723367462518659,5.122569035620472e-13,1
256,769,1538,0,13,0.056811713427272065,0.048572094380814224,5.122569035620472e-13,1
256,769,1538,-1,13,0.057420869131102795,0.057420869131104814,5.122569035620472e-13,1
256,769,1538,0,14,0.053148007200801185,0.051166681117878456,5.122569035620472e-13,1
256,769,1538,-1,14,0.05718599500843839,0.05718599500844041,5.122569035620472e-13,1
256,769,1538,0,15,0.05551055615118075,0.053534938983731274,5.122569035620472e-13,1
256,769,1538,-1,15,0.056870758874247564,0.05687075887424957,5.122569035620472e-13,1
256,769,1538,0,16,0.0550398392136926,0.052011311921950104,5.122569035620472e-13,1
256,769,1538,-1,16,0.057643880775474346,0.05764388077547638,5.122569035620472e-13,1
256,769,1538,0,17,0.0540486404980236,0.050941307671489675,5.122569035620472e-13,1
256,769,1538,-1,17,0.057931628728579224,0.057931628728581264,5.122569035620472e-13,1
256,769,1538,0,18,0.054837072801614185,0.05105184166704681,5.122569035620472e-13,1
256,769,1538,-1,18,0.05552422680133835,0.05552422680134031,5.122569035620472e-13,1
256,769,1538,0,19,0.056297630970540045,0.054193869613788505,5.122569035620472e-13,1
256,769,1538,-1,19,0.058254880765938474,0.05825488076594052,5.122569035620472e-13,1
256,769,1538,0,20,0.053203548392365296,0.051128633591305615,5.122569035620472e-13,1
256,769,1538,-1,20,0.05672099822947519,0.05672099822947719,5.122569035620472e-13,1
256,769,1538,0,21,0.0556634967726551,0.051285937889569304,5.122569035620472e-13,1
256,769,1538,-1,21,0.05727978752217041,0.05727978752217243,5.122569035620472e-13,1
256,769,1538,0,22,0.055610755732942795,0.05407626356809546,5.122569035620472e-13,1
256,769,1538,-1,22,0.05763802012036804,0.057638020120370066,5.122569035620472e-13,1
256,769,1538,0,23,0.0562013372305101,0.05460565064878481,5.122569035620472e-13,1
256,769,1538,-1,23,0.05592067522615306,0.05592067522615503,5.122569035620472e-13,1
256,769,1538,0,24,0.05536754995498935,0.0544974870712356,5.122569035620472e-13,1
256,769,1538,-1,24,0.0563395844758873,0.056339584475889284,5.122569035620472e-13,1
256,769,1538,0,25,0.05491826953362653,0.05230527194944198,5.122569035620472e-13,1
256,769,1538,-1,25,0.057632904706256725,0.05763290470625876,5.122569035620472e-13,1
256,769,1538,0,26,0.05429711057002274,0.053381716362021665,5.122569035620472e-13,1
256,769,1538,-1,26,0.057728668378185174,0.05772866837818721,5.122569035620472e-13,1
256,769,1538,0,27,0.055661681274122354,0.0513730520842329,5.122569035620472e-13,1
256,769,1538,-1,27,0.05733679056676795,0.05733679056676997,5.122569035620472e-13,1
256,769,1538,0,28,0.05596669597423296,0.051999780897035455,5.122569035620472e-13,1
256,769,1538,-1,28,0.05583117755195951,0.05583117755196147,5.122569035620472e-13,1
256,769,1538,0,29,0.05474866565431406,0.051794029869122404,5.122569035620472e-13,1
256,769,1538,-1,29,0.05680465377718389,0.05680465377718589,5.122569035620472e-13,1
256,769,1538,0,30,0.05505439108140721,0.05111836442836095,5.122569035620472e-13,1
256,769,1538,-1,30,0.05821514197361159,0.058215141973613646,5.122569035620472e-13,1
256,769,1538,0,31,0.05502270929484665,0.05293085845965764,5.122569035620472e-13,1
256,769,1538,-1,31,0.056217824043881384,0.05621782404388336,5.122569035620472e-13,1
256,769,1538,0,32,0.05381770482567603,0.05089026091756239,5.122569035620472e-13,1
256,769,1538,-1,32,0.05687315988717049,0.056873159887172495,5.122569035620472e-13,1
256,769,1538,0,33,0.05454341203080174,0.0507590844054571,5.122569035620472e-13,1
256,769,1538,-1,33,0.05647477777029876,0.05647477777030075,5.122569035620472e-13,1
256,769,1538,0,34,0.057137942883645605,0.05156128005316827,5.122569035620472e-13,1
256,769,1538,-1,34,0.056402679980079445,0.05640267998008144,5.122569035620472e-13,1
256,769,1538,0,35,0.05258360293984183,0.05077517716235626,5.122569035620472e-13,1
256,769,1538,-1,35,0.05690946802350325,0.05690946802350526,5.122569035620472e-13,1
256,769,1538,0,36,0.05298888274127137,0.051843544275384235,5.122569035620472e-13,1
256,769,1538,-1,36,0.0577063448866756,0.057706344886677634,5.122569035620472e-13,1
256,769,1538,0,37,0.053738218951478324,0.05245675898746108,5.122569035620472e-13,1
256,769,1538,-1,37,0.057368715751789395,0.057368715751791415,5.122569035620472e-13,1
256,769,1538,0,38,0.056663451399766016,0.05324631177193625,5.122569035620472e-13,1
256,769,1538,-1,38,0.05723512284542373,0.05723512284542574,5.122569035620472e-13,1
256,769,1538,0,39,0.05275034749306715,0.05085217794008104,5.122569035620472e-13,1
256,769,1538,-1,39,0.058006040405727786,0.05800604040572983,5.122569035620472e-13,1
256,769,1538,0,40,0.055678844888762354,0.05345203590682549,5.122569035620472e-13,1
256,769,1538,-1,40,0.05648661656863582,0.056486616568637814,5.122569035620472e-13,1
256,769,1538,0,41,0.056248901193081964,0.05368955511572931,5.122569035620472e-13,1
256,769,1538,-1,41,0.056445538517779635,0.05644553851778163,5.122569035620472e-13,1
256,769,1538,0,42,0.054937624426927886,0.053865323027381916,5.122569035620472e-13,1
256,769,1538,-1,42,0.05717450370384097,0.057174503703842985,5.122569035620472e-13,1
256,769,1538,0,43,0.05570745506719655,0.0541436329240678,5.122569035620472e-13,1
256,769,1538,-1,43,0.05733368906127017,0.05733368906127219,5.122569035620472e-13,1
256,769,1538,0,44,0.05512069778425131,0.05346421410718072,5.122569035620472e-13,1
256,769,1538,-1,44,0.05611436389018153,0.05611436389018351,5.122569035620472e-13,1
256,769,1538,0,45,0.05549016186918919,0.0499220745810117,5.122569035620472e-13,1
256,769,1538,-1,45,0.05717371741847653,0.05717371741847854,5.122569035620472e-13,1
256,769,1538,0,46,0.05639509886057964,0.049540265415716836,5.122569035620472e-13,1
256,769,1538,-1,46,0.05705057326720044,0.057050573267202455,5.122569035620472e-13,1
256,769,1538,0,47,0.05569303726089163,0.05384451866926831,5.122569035620472e-13,1
256,769,1538,-1,47,0.05715174899998524,0.057151748999987255,5.122569035620472e-13,1
256,769,1538,0,48,0.05543274591524896,0.05150468457430434,5.122569035620472e-13,1
256,769,1538,-1,48,0.05822042656286361,0.05822042656286566,5.122569035620472e-13,1
256,769,1538,0,49,0.05627543601406148,0.05303614310932128,5.122569035620472e-13,1
256,769,1538,-1,49,0.05730132132690539,0.057301321326907406,5.122569035620472e-13,1
256,769,1538,0,50,0.05356162058688056,0.04986232312858114,5.122569035620472e-13,1
256,769,1538,-1,50,0.057045093252347114,0.057045093252349126,5.122569035620472e-13,1
256,769,1538,0,51,0.05677238764329535,0.05213543120506043,5.122569035620472e-13,1
256,769,1538,-1,51,0.05533690815745041,0.05533690815745236,5.122569035620472e-13,1
256,769,1538,0,52,0.05445059879630784,0.052069450807345354,5.122569035620472e-13,1
256,769,1538,-1,52,0.05725912113123209,0.05725912113123411,5.122569035620472e-13,1
256,769,1538,0,53,0.05594317887803748,0.053423896910589595,5.122569035620472e-13,1
256,769,1538,-1,53,0.05800616243176956,0.0580061624317716,5.122569035620472e-13,1
256,769,1538,0,54,0.055620103576604976,0.05166294844201927,5.122569035620472e-13,1
256,769,1538,-1,54,0.056946189103962874,0.05694618910396488,5.122569035620472e-13,1
256,769,1538,0,55,0.05580120479476881,0.05483471404239311,5.122569035620472e-13,1
256,769,1538,-1,55,0.057486674003264154,0.05748667400326618,5.122569035620472e-13,1
256,769,1538,0,56,0.05522303407403242,0.05209762760131874,5.122569035620472e-13,1
256,769,1538,-1,56,0.056781824793737466,0.056781824793739465,5.122569035620472e-13,1
256,769,1538,0,57,0.05604134105868166,0.051863265192313796,5.122569035620472e-13,1
256,769,1538,-1,57,0.05434344592043701,0.054343445920438924,5.122569035620472e-13,1
256,769,1538,0,58,0.05672565133528554,0.05173864965557502,5.122569035620472e-13,1
256,769,1538,-1,58,0.05617768386704739,0.05617768386704937,5.122569035620472e-13,1
256,769,1538,0,59,0.05453351629776273,0.050801406643559574,5.122569035620472e-13,1
256,769,1538,-1,59,0.05769951597110441,0.057699515971106445,5.122569035620472e-13,1
256,769,1538,0,60,0.054831426086163745,0.05412551524126348,5.122569035620472e-13,1
256,769,1538,-1,60,0.05725315245171695,0.05725315245171896,5.122569035620472e-13,1
256,769,1538,0,61,0.05498699266011108,0.05394669431099755,5.122569035620472e-13,1
256,769,1538,-1,61,0.05714359403315834,0.057143594033160355,5.122569035620472e-13,1
256,769,1538,0,62,0.054657514570642954,0.05263980859339546,5.122569035620472e-13,1
256,769,1538,-1,62,0.05687223847635187,0.05687223847635388,5.122569035620472e-13,1
256,769,1538,0,63,0.05714077598081194,0.05061399674944774,5.122569035620472e-13,1
256,769,1538,-1,63,0.05717489375694739,0.0571748937569494,5.122569035620472e-13,1
512,1537,3074,0,0,0.03965213169254701,0.03835982194987489,1.0238476733093194e-12,1
512,1537,3074,2,0,0.03965213169254711,1.481318912710664e-05,1.0238476733093194e-12,1
512,1537,3074,3,0,0.03965213169254707,7.405878313868485e-06,1.0238476733093194e-12,1
512,1537,3074,4,0,0.039652131692547096,4.209160398031705e-08,1.0238476733093194e-12,1
512,1537,3074,-1,0,0.041260204695934014,0.04126020469593695,1.0238476733093194e-12,1
512,1537,3074,0,1,0.04043466825402692,0.03691029138584531,1.0238476733093194e-12,1
512,1537,3074,-1,1,0.04091952631796332,0.04091952631796623,1.0238476733093194e-12,1
512,1537,3074,0,2,0.0392905693272251,0.03799411753300794,1.0238476733093194e-12,1
512,1537,3074,-1,2,0.04059160845848216,0.04059160845848504,1.0238476733093194e-12,1
512,1537,3074,0,3,0.0403013965624177,0.03849332239806511,1.0238476733093194e-12,1
512,1537,3074,-1,3,0.04018131869461066,0.04018131869461352,1.0238476733093194e-12,1
512,1537,3074,0,4,0.03879314612378344,0.03802594480684482,1.0238476733093194e-12,1
512,1537,3074,-1,4,0.04050186233372076,0.04050186233372363,1.0238476733093194e-12,1
512,1537,3074,0,5,0.03988252274887116,0.037989884745285966,1.0238476733093194e-12,1
512,1537,3074,-1,5,0.040848465657191566,0.04084846565719447,1.0238476733093194e-12,1
512,1537,3074,0,6,0.03851500966881469,0.03947792829786835,1.0238476733093194e-12,1
512,1537,3074,-1,6,0.04089327628299712,0.040893276283000025,1.0238476733093194e-12,1
512,1537,3074,0,7,0.04050526905451434,0.03834438967929643,1.0238476733093194e-12,1
512,1537,3074,-1,7,0.04066762794048728,0.04066762794049017,1.0238476733093194e-12,1
512,1537,3074,0,8,0.0395092200098603,0.0383276902482446,1.0238476733093194e-12,1
512,1537,3074,-1,8,0.04006151749926989,0.04006151749927273,1.0238476733093194e-12,1
512,1537,3074,0,9,0.0395651207332231,0.03884013228336179,1.0238476733093194e-12,1
512,1537,3074,-1,9,0.04081537204397945,0.04081537204398235,1.0238476733093194e-12,1
512,1537,3074,0,10,0.040220940759145146,0.03840839423819774,1.0238476733093194e-12,1
512,1537,3074,-1,10,0.04092882150020304,0.04092882150020595,1.0238476733093194e-12,1
512,1537,3074,0,11,0.039359745015248096,0.03768796926752451,1.0238476733093194e-12,1
512,1537,3074,-1,11,0.040524910229994965,0.040524910229997844,1.0238476733093194e-12,1
512,1537,3074,0,12,0.04027043708681767,0.03806773145589812,1.0238476733093194e-12,1
512,1537,3074,-1,12,0.04056157924648816,0.040561579246491036,1.0238476733093194e-12,1
512,1537,3074,0,13,0.04037188817095614,0.03794812393533546,1.0238476733093194e-12,1
512,1537,3074,-1,13,0.04013074211164841,0.04013074211165126,1.0238476733093194e-12,1
512,1537,3074,0,14,0.04029070109221913,0.037486996128834084,1.0238476733093194e-12,1
512,1537,3074,-1,14,0.040759871357168014,0.04075987135717091,1.0238476733093194e-12,1
512,1537,3074,0,15,0.03900727052451609,0.03908675819626613,1.0238476733093194e-12,1
512,1537,3074,-1,15,0.040721397030686314,0.04072139703068921,1.0238476733093194e-12,1
512,1537,3074,0,16,0.03945549981914922,0.03693558952405707,1.0238476733093194e-12,1
512,1537,3074,-1,16,0.04100518313906448,0.0410051831390674,1.0238476733093194e-12,1
512,1537,3074,0,17,0.03947513324929929,0.038217359609960304,1.0238476733093194e-12,1
512,1537,3074,-1,17,0.04083788543602727,0.040837885436030175,1.0238476733093194e-12,1
512,1537,3074,0,18,0.03983174575743646,0.03767457787346588,1.0238476733093194e-12,1
512,1537,3074,-1,18,0.04050982860000742,0.0405098286000103,1.0238476733093194e-12,1
512,1537,3074,0,19,0.03946660211935205,0.03796507699631381,1.0238476733093194e-12,1
512,1537,3074,-1,19,0.0410015589089228,0.04100155890892571,1.0238476733093194e-12,1
512,1537,3074,0,20,0.04024780843448175,0.03802904396957059,1.0238476733093194e-12,1
512,1537,3074,-1,20,0.041342632768626576,0.04134263276862951,1.0238476733093194e-12,1
512,1537,3074,0,21,0.04028100485761771,0.03879578943473851,1.0238476733093194e-12,1
512,1537,3074,-1,21,0.0409518837112112,0.04095188371121412,1.0238476733093194e-12,1
512,1537,3074,0,22,0.04031474281791715,0.039323309013842116,1.0238476733093194e-12,1
512,1537,3074,-1,22,0.04080946445770704,0.04080946445770994,1.0238476733093194e-12,1
512,1537,3074,0,23,0.04002648472020616,0.03895745118510609,1.0238476733093194e-12,1
512,1537,3074,-1,23,0.04075320898258001,0.0407532089825829,1.0238476733093194e-12,1
512,1537,3074,0,24,0.03960468911228296,0.03834522191307199,1.0238476733093194e-12,1
512,1537,3074,-1,24,0.04115611057512226,0.041156110575125186,1.0238476733093194e-12,1
512,1537,3074,0,25,0.040310923580576696,0.037793843018535035,1.0238476733093194e-12,1
512,1537,3074,-1,25,0.040720337665767714,0.04072033766577061,1.0238476733093194e-12,1
512,1537,3074,0,26,0.03972221272530307,0.03658419647070489,1.0238476733093194e-12,1
512,1537,3074,-1,26,0.040940518959646295,0.0409405189596492,1.0238476733093194e-12,1
512,1537,3074,0,27,0.03928761358597115,0.0387189000649915,1.0238476733093194e-12,1
512,1537,3074,-1,27,0.040417364936673306,0.04041736493667618,1.0238476733093194e-12,1
512,1537,3074,0,28,0.03967656447435034,0.03959837014573908,1.0238476733093194e-12,1
512,1537,3074,-1,28,0.04085369308601415,0.04085369308601706,1.0238476733093194e-12,1
512,1537,3074,0,29,0.039785936625495844,0.03840585351412692,1.0238476733093194e-12,1
512,1537,3074,-1,29,0.0403957156155809,0.04039571561558377,1.0238476733093194e-12,1
512,1537,3074,0,30,0.04022093821140533,0.037931147042142586,1.0238476733093194e-12,1
512,1537,3074,-1,30,0.039520975429252224,0.03952097542925503,1.0238476733093194e-12,1
512,1537,3074,0,31,0.040521912363502575,0.03864223533653657,1.0238476733093194e-12,1
512,1537,3074,-1,31,0.040752367156039436,0.04075236715604233,1.0238476733093194e-12,1
