r,m,d,trials,lambda_min_q10,lambda_min_q50,lambda_min_q90,lambda_max_q10,lambda_max_q50,lambda_max_q90,wmax_q10,wmax_q50,wmax_q90,heavy_heuristic_q10,heavy_heuristic_q50,heavy_heuristic_q90,heavy_direction_rayleigh_q10,heavy_direction_rayleigh_q50,heavy_direction_rayleigh_q90,heuristic_relative_error_median
8,25,0,96,0.1746786927550958,0.26945143965606644,0.3733148314158987,1.7088540133037131,2.054342477270541,2.4504825088246927,1.0,1.0,1.0,1.32,1.32,1.32,0.8913431585184435,1.2713166504599296,1.676384709779273,0.3574542331860909
8,25,2,96,0.05263259003945068,0.11183987383263916,0.20055255630925453,1.8332134682823114,3.015665264431438,4.653837693754379,3.192575729714279,5.0934333337373445,8.367722428998047,2.0216242335085695,2.62989866679595,3.6776711772793753,1.400114623372553,2.461107646693661,4.229288309573577,0.1987399046770738
8,25,3,96,0.01358188280864478,0.045771939583248475,0.11182861868415964,1.2425148583371841,3.5002924720772883,9.53334905612228,2.5757011568163968,8.989747115577046,21.166015189281275,1.824224370181247,3.876719076984655,7.773124860570009,0.9886429968935988,2.984683994368125,8.245575057688395,0.23638181147023335
8,25,4,96,0.003962194611824371,0.012983184499332424,0.043860663322264196,0.976760324268356,2.795998243771206,10.783545282613257,2.307810463258009,6.778184450343659,30.960073280714916,1.738499348242563,3.1690190241099705,10.907223449828773,0.7944288871585002,2.5041077700647816,9.570061518792325,0.2599516361269293
16,49,0,96,0.17641634519029975,0.22594090395097655,0.294240885956916,2.006781246400317,2.2260306836090846,2.4586484224374416,1.0,1.0,1.0,1.3265306122448979,1.3265306122448979,1.3265306122448979,0.981960896233422,1.328361576306503,1.5982368486039462,0.40408246964938765
16,49,2,96,0.05608947045467859,0.09503506318493635,0.13812335037957313,2.4249728364514516,3.485708048766342,4.971973442927719,3.9128834162834814,5.541075034452531,8.748751996540584,2.277676217561953,2.8093306234947035,3.8567353458091693,1.7378916265948101,2.7801366162645103,4.377916743528357,0.17017586453651523
16,49,3,96,0.017046059237505535,0.032062484406602,0.061735433825615985,2.842603494140863,4.8661011830810965,11.809337328546329,5.195794691584581,10.720059475952887,29.759232440991042,2.696586021741904,4.5004275839846155,10.717300388895033,2.2587900350935586,4.251186305373994,10.937597215877897,0.1601339541729166
16,49,4,96,0.004571263674139781,0.010474637222180751,0.02038616445711902,2.3514749111213002,5.531875055192168,18.82751164951391,5.484042508747596,15.94703200814081,47.33363397282885,2.7907077579583985,6.207194125107203,16.455880480923707,2.0328951332677105,5.066942562657459,18.73837222633952,0.22366462683299393
32,97,0,96,0.1779412969567331,0.20684562875352402,0.23692577450262817,2.175027095911343,2.345938138695981,2.501047731531465,1.0,1.0,1.0,1.3298969072164948,1.3298969072164948,1.3298969072164948,1.0786243128616426,1.3575472923270357,1.5599826202557352,0.43310651609389256
32,97,2,96,0.05084958687958005,0.07309569600285007,0.10005052486600662,3.223646065467926,4.387596974536265,5.152550413185676,5.6478699719408665,8.010729472349837,10.895508325267485,2.8632148361042034,3.6427148774762346,4.594394499057314,2.5224410587664616,3.479163144762535,4.668035950298811,0.17463458377562913
32,97,3,96,0.018361107465545933,0.026467181189377617,0.04053064508902884,3.921900243660807,6.977388948550486,14.218202732471223,8.55250553798805,16.182206188558236,36.15944028940122,3.821445125934202,6.338459773544985,12.928887518152978,3.2729922891261323,6.34238261225846,13.156768037597082,0.15644010672264824
32,97,4,96,0.004849252305098907,0.008030926646842018,0.014640588902186497,3.9129609804899066,8.28150542539816,22.55184205943623,9.250400718349642,20.902284839183245,67.35834261578415,4.05167858749679,7.895599122204781,23.22130890417621,3.294645230871623,7.440856908087356,21.73081741716399,0.14539440123183894
64,193,0,96,0.17104043556538193,0.19248076655451898,0.21399655732379652,2.2951530307258254,2.3860131246708014,2.524388491863988,1.0,1.0,1.0,1.3316062176165804,1.3316062176165804,1.3316062176165804,1.1924308354474618,1.327206651389286,1.460707880208827,0.4419115525551518
64,193,2,96,0.05459583286425286,0.06813336851841521,0.08738643253210421,3.5985881574899485,4.438160534560293,5.768993285028517,5.996425077874526,8.256471538332438,12.284284503837089,2.9884518392951795,3.737897297685368,5.073545120443387,2.7469389655998775,3.7177289869368604,5.3825729339165065,0.16858710441707675
64,193,3,96,0.017230574623398012,0.022910340159841315,0.03240066478156635,5.155846153345995,8.007479713845925,12.617846018117113,12.322521728269715,20.20931053526705,30.512855047528593,5.086224821809646,7.701533027238815,11.118252450993939,4.75679511399976,7.614606573969,12.023193616712618,0.10644852165360691
64,193,4,96,0.005122773840860952,0.007605543124875177,0.01097968209661887,5.7773199781883084,13.210616320671278,26.462860487767834,15.456031867938762,34.626881937067694,76.55657977521662,6.125316267088502,12.482489347006904,26.386637852921577,4.850316095872744,12.602727157149847,26.08295633618738,0.09820792443769888
128,385,0,96,0.1768087855725271,0.18965124902720323,0.20175124494729435,2.3765911166316136,2.432630155682584,2.4931684739119877,1.0,1.0,1.0,1.3324675324675326,1.3324675324675326,1.3324675324675326,1.254677951684156,1.3423957403759945,1.450546798841851,0.45225230721786636
128,385,2,96,0.05788645758103865,0.06583975915793558,0.07671355448693187,4.084572866733923,4.840880526618926,5.720734422451164,7.628136384148519,9.358488347999558,12.801996832752625,3.5361076809636636,4.111393528685568,5.256248297642431,3.228557538502516,4.168319041139278,5.306158483991573,0.13984874735757502
128,385,3,96,0.01741248935878493,0.0226855692935603,0.027402928999074712,6.7271455646812885,9.980279849605672,19.140227209209293,16.240965795993915,25.83589603230721,50.443222506058135,6.399593823083691,9.589596602948891,17.770733716299848,6.238339522701042,9.523691700926557,19.025908561469798,0.08260229337897296
128,385,4,96,0.00558063069750712,0.0070416727486412155,0.009346667125017576,10.771798624431186,16.446846358768624,35.362552403923324,26.834757506933627,45.848860173689815,107.01411431300532,9.921685612694816,16.24325740839557,36.578718524843325,8.97550297607496,15.99467702947641,35.25292089260928,0.08457111079811136
256,769,0,96,0.17702200484503627,0.18473072559019985,0.19175719094677218,2.4059821446310767,2.4559630268996626,2.491923983242538,1.0,1.0,1.0,1.3328998699609884,1.3328998699609884,1.3328998699609884,1.2653168655477667,1.3337151196607344,1.4122142533426554,0.45728015565430596
256,769,2,96,0.05962836118659211,0.06537883514802033,0.0720015928359764,4.552980528655204,5.1973576656985525,6.20703973081587,8.384046079640473,11.158481026754625,14.446945891125775,3.7910478496592477,4.71465688276877,5.809386408489205,3.8486863559660893,4.656130919189575,5.7867229188372065,0.13015434762896638
256,769,3,96,0.019313045810186752,0.0219067090909513,0.025226263690725583,8.623616189249997,12.398736169809059,19.429544339775518,22.336671747854794,34.34785816167147,53.654086010001954,8.435875120222141,12.434397515458905,18.861438255605332,8.183193842320854,11.907727576405694,18.9459123678952,0.0635520176396483
256,769,4,96,0.0060372929203174695,0.007178610600658282,0.008697922564667674,12.06695672276374,23.343023624493604,47.47817547299186,32.7623140610105,64.23919205441749,135.12768380839282,11.906570090531453,22.385218681314534,45.98398836794352,11.106341800111457,23.120869007613482,47.423093598436054,0.057658765417456626
512,1537,0,96,0.17817569407349904,0.18156337105378084,0.18632413195048514,2.4403059919143235,2.4639030170914342,2.494770527119196,1.0,1.0,1.0,1.3331164606376058,1.3331164606376058,1.3331164606376058,1.282679322635412,1.3294329532967946,1.3886258521379689,0.4589411723511763
512,1537,2,96,0.06009990149142988,0.06431521659927625,0.06848049392515623,5.013554865208767,5.5605670349102265,6.5667300889300115,10.111151764094835,12.165103465932047,16.24595954173298,4.368191088624955,5.052396209861554,6.41179654220383,4.287198949642102,5.043272178030783,6.243289912856881,0.09522336583632696
512,1537,3,96,0.019791184982862364,0.021450219831159627,0.023811945959061005,11.566457395316213,15.285646800472712,25.616107756210422,30.061223367288424,42.769617730356515,69.99984882550928,11.013888330547609,15.247263681159751,24.31810188592111,10.799914934906372,14.946091736971542,25.501065346724527,0.03694004480835533
512,1537,4,96,0.006181385696354425,0.006993188729784373,0.007786552162171532,21.678234707639184,32.037099539896936,60.82725862599488,62.290596644494904,88.37421170838647,186.75060411542535,21.750023085218864,30.43890461593616,63.20970026486518,20.765235985596348,31.44996624669728,60.64537176779828,0.03604144737280701
1024,3073,0,64,0.17781188479447882,0.1817159322346389,0.1847652932504192,2.457388889488361,2.4704374358304833,2.4892344607572854,1.0,1.0,1.0,1.3332248616986657,1.3332248616986657,1.3332248616986657,1.2876002932528865,1.3327127246784243,1.3607272709143226,0.46032841886765996
1024,3073,2,64,0.06101731399052148,0.0635184743459781,0.06587131111428804,5.3833332045137885,6.016616347883025,7.086418433060256,12.176002021050412,13.77853941707501,16.703917654247824,5.0573465895071985,5.591351891664435,6.566160650162633,4.937351965746195,5.612179022730946,6.819016568152529,0.06890172801641004
1024,3073,3,64,0.019683967500761942,0.02088129320124186,0.022444862616611425,14.24301840492512,17.863599452179386,26.42513265147501,38.038926631075576,49.08714024218864,75.20208608496672,13.675516065805853,17.35705551838632,26.059204735114193,13.187687374888766,17.48804660616112,26.139546157518826,0.03840870184075812
1024,3073,4,64,0.006230572248792938,0.006838017534430977,0.007377731638239341,24.972957013787475,40.78329985801055,87.75824618435692,71.06293246624392,116.78975528746585,257.375371589313,24.679935842965754,39.917250053486825,86.76387260249153,24.496230903114693,40.40649668719969,87.6879253393762,0.030704791944279497
2048,6145,0,32,0.17823163084238405,0.18023824196935195,0.18169818772138582,2.4695548783914467,2.477092791314286,2.485664156255297,1.0,1.0,1.0,1.333279088689992,1.333279088689992,1.333279088689992,1.312716870734195,1.3293487601374498,1.3573884364091353,0.4617564939726046
2048,6145,2,32,0.06087938806622156,0.0630288379324841,0.066366214364439,5.8397384169682525,6.335125769199965,7.012639463765982,13.427216311345408,15.104346158309717,17.787991968630077,5.475010415888591,6.033962722899642,6.928365752929926,5.342991305431948,6.038339710736443,6.747219615340184,0.04929918667662081
2048,6145,3,32,0.019861328028645223,0.020909006632033794,0.02203400018276969,16.442582771277927,22.769864716000242,31.874650066223,46.338570625397765,63.70387255747809,92.56111971883034,16.44367658922939,22.231168591979678,31.84868562801701,16.07913349435703,22.546899322441913,31.70185452706123,0.015201224475147934
2048,6145,4,32,0.006420932578083133,0.006679091356183544,0.007255259754441747,39.79708636995957,51.090651163117,80.88388903842623,120.97925528763298,142.99494410785485,242.73393345823985,41.3198559526562,48.65722465954218,81.8981441370993,39.48625817896058,50.93291844911437,80.72623820348467,0.020478132408569327
