d,r,m,m_over_r,support_dimension,capture_fraction,trials,median,q10,q90,mean,fraction_below_1p5,fraction_below_1p2,fraction_below_1p1
0,32,48,1.5,1536,0.03125,96,2.7620771310148244,2.623929590680544,2.982910626678498,2.7788040831932506,0.0,0.0,0.0
0,32,64,2.0,1536,0.041666666666666664,96,1.9460193604889675,1.8661803751597237,2.007444969760968,1.9447876496770096,0.0,0.0,0.0
0,32,96,3.0,1536,0.0625,96,1.4734453150852478,1.4492610130489636,1.492352252646798,1.4723013886322225,0.9791666666666666,0.0,0.0
0,32,128,4.0,1536,0.08333333333333333,96,1.309562018960358,1.2962985498880504,1.3221237712817273,1.3099535662205717,1.0,0.0,0.0
0,32,192,6.0,1536,0.125,96,1.1776232909354056,1.1734124425265244,1.1825912724335441,1.1780262708539597,1.0,1.0,0.0
0,32,256,8.0,1536,0.16666666666666666,96,1.1210802142763543,1.1181023879963625,1.124571605488185,1.1211736978470996,1.0,1.0,0.0
0,32,384,12.0,1536,0.25,96,1.069591875415572,1.0681592131542277,1.0708095505195203,1.069529347399268,1.0,1.0,1.0
2,32,48,1.5,1536,0.03125,96,5.407550004260017,4.536497198820925,6.513207851689025,5.457570064870276,0.0,0.0,0.0
2,32,64,2.0,1536,0.041666666666666664,96,3.1495858112910806,2.6532594114722414,3.635624166068394,3.147371035696638,0.0,0.0,0.0
2,32,96,3.0,1536,0.0625,96,1.8182963425365455,1.666446280375427,2.0136858841971343,1.8379004196490605,0.0,0.0,0.0
2,32,128,4.0,1536,0.08333333333333333,96,1.4708123896710332,1.3969046299111898,1.5648073515277283,1.4767797116716455,0.65625,0.0,0.0
2,32,192,6.0,1536,0.125,96,1.238834802600058,1.2055928863278993,1.272843292887712,1.2375177972025542,1.0,0.052083333333333336,0.0
2,32,256,8.0,1536,0.16666666666666666,96,1.1516713214634615,1.1312244014760302,1.1717413187457237,1.150760864427483,1.0,1.0,0.0
2,32,384,12.0,1536,0.25,96,1.0802598896232372,1.0733085133552205,1.0900967329739832,1.0810674200652608,1.0,1.0,1.0
3,32,48,1.5,1536,0.03125,96,8.836193129022853,6.728488135665219,10.943030099882623,8.824694482857836,0.0,0.0,0.0
3,32,64,2.0,1536,0.041666666666666664,96,5.400659514992687,4.065475599608437,6.916513005070801,5.448731080365825,0.0,0.0,0.0
3,32,96,3.0,1536,0.0625,96,2.666329605968931,2.2187590318115102,3.3524923654603027,2.752126316704923,0.0,0.0,0.0
3,32,128,4.0,1536,0.08333333333333333,96,1.879623661268199,1.656123772149209,2.1265342617354666,1.8829845122173048,0.0,0.0,0.0
3,32,192,6.0,1536,0.125,96,1.3733685414884547,1.308601244398265,1.4636875852326638,1.381264168968843,0.9583333333333334,0.0,0.0
3,32,256,8.0,1536,0.16666666666666666,96,1.219007536965375,1.183265818203485,1.2574956028203266,1.2203863163852753,1.0,0.28125,0.0
3,32,384,12.0,1536,0.25,96,1.1040096833869326,1.0890861264425749,1.1213827635268923,1.10503215749189,1.0,1.0,0.34375
4,32,48,1.5,1536,0.03125,96,11.652293601408196,9.79774897924525,14.494851320125298,11.996347901888953,0.0,0.0,0.0
4,32,64,2.0,1536,0.041666666666666664,96,7.73784736185403,6.316358347535681,10.140459126804089,7.967630504458795,0.0,0.0,0.0
4,32,96,3.0,1536,0.0625,96,3.8604899563430957,3.0175389791850353,5.082408976410376,3.9288813038316412,0.0,0.0,0.0
4,32,128,4.0,1536,0.08333333333333333,96,2.397451059262484,2.006116488355467,2.9470420264188197,2.439789719246074,0.0,0.0,0.0
4,32,192,6.0,1536,0.125,96,1.5757585203167668,1.4307794915056053,1.7247205748893049,1.5774895970309182,0.3333333333333333,0.0,0.0
4,32,256,8.0,1536,0.16666666666666666,96,1.311476108822009,1.2400232827519138,1.3894927619256037,1.3085348993394417,1.0,0.010416666666666666,0.0
4,32,384,12.0,1536,0.25,96,1.1369646193051748,1.1084607511511169,1.1610675562162571,1.1367954835307248,1.0,0.9895833333333334,0.052083333333333336
