d,r,m,m_over_r,support_dimension,capture_fraction,trial,rankr_ratio
0,32,96,3.0,1536,0.0625,0,1.4626642144787336
0,32,96,3.0,480,0.2,0,1.416359351422045
0,32,384,12.0,1536,0.25,0,1.0702011849955777
0,32,384,12.0,480,0.8,0,1.0200245602985898
4,32,96,3.0,1536,0.0625,0,4.821954887919235
4,32,96,3.0,480,0.2,0,4.555363766846254
4,32,384,12.0,1536,0.25,0,1.2073496179195728
4,32,384,12.0,480,0.8,0,1.0628384969253488
0,32,96,3.0,1536,0.0625,1,1.4673775294976676
0,32,96,3.0,480,0.2,1,1.4194807453464158
0,32,384,12.0,1536,0.25,1,1.0689984588971442
0,32,384,12.0,480,0.8,1,1.0192869345292683
4,32,96,3.0,1536,0.0625,1,5.224435407302765
4,32,96,3.0,480,0.2,1,4.954996108254425
4,32,384,12.0,1536,0.25,1,1.1519064020725762
4,32,384,12.0,480,0.8,1,1.0421662195058157
0,32,96,3.0,1536,0.0625,2,1.525132347581663
0,32,96,3.0,480,0.2,2,1.4691402797828144
0,32,384,12.0,1536,0.25,2,1.0696718939411451
0,32,384,12.0,480,0.8,2,1.0196639451315646
4,32,96,3.0,1536,0.0625,2,2.684259114381956
4,32,96,3.0,480,0.2,2,2.5460563449091786
4,32,384,12.0,1536,0.25,2,1.1054862405467842
4,32,384,12.0,480,0.8,2,1.0296066319134267
0,32,96,3.0,1536,0.0625,3,1.4348634191659428
0,32,96,3.0,480,0.2,3,1.3899246668277407
0,32,384,12.0,1536,0.25,3,1.069067622562077
0,32,384,12.0,480,0.8,3,1.0189329673800358
4,32,96,3.0,1536,0.0625,3,4.738190999745294
4,32,96,3.0,480,0.2,3,4.456312724686546
4,32,384,12.0,1536,0.25,3,1.1401337786015224
4,32,384,12.0,480,0.8,3,1.0384912746821164
0,32,96,3.0,1536,0.0625,4,1.4425310000526381
0,32,96,3.0,480,0.2,4,1.3966206288038339
0,32,384,12.0,1536,0.25,4,1.0696217094425517
0,32,384,12.0,480,0.8,4,1.0195861069034735
4,32,96,3.0,1536,0.0625,4,3.2294609743508085
4,32,96,3.0,480,0.2,4,3.001696933821582
4,32,384,12.0,1536,0.25,4,1.1442529371514516
4,32,384,12.0,480,0.8,4,1.040312575231278
0,32,96,3.0,1536,0.0625,5,1.463175499821108
0,32,96,3.0,480,0.2,5,1.4154544689598894
0,32,384,12.0,1536,0.25,5,1.0685273555232087
0,32,384,12.0,480,0.8,5,1.0193081884736241
4,32,96,3.0,1536,0.0625,5,4.0226215405300305
4,32,96,3.0,480,0.2,5,3.721473295038577
4,32,384,12.0,1536,0.25,5,1.122908919148082
4,32,384,12.0,480,0.8,5,1.033883793383299
0,32,96,3.0,1536,0.0625,6,1.4617523071271554
0,32,96,3.0,480,0.2,6,1.414521067524237
0,32,384,12.0,1536,0.25,6,1.070246473334325
0,32,384,12.0,480,0.8,6,1.0194681423756518
4,32,96,3.0,1536,0.0625,6,3.5174018116604207
4,32,96,3.0,480,0.2,6,3.3235086233256648
4,32,384,12.0,1536,0.25,6,1.1562592458865395
4,32,384,12.0,480,0.8,6,1.0430648127076279
0,32,96,3.0,1536,0.0625,7,1.4901489387776718
0,32,96,3.0,480,0.2,7,1.4369952303203224
0,32,384,12.0,1536,0.25,7,1.068931218340554
0,32,384,12.0,480,0.8,7,1.019719530327035
4,32,96,3.0,1536,0.0625,7,5.219927322217174
4,32,96,3.0,480,0.2,7,4.875360358336032
4,32,384,12.0,1536,0.25,7,1.1471102489767644
4,32,384,12.0,480,0.8,7,1.040745209972763
0,32,96,3.0,1536,0.0625,8,1.4743816586946208
0,32,96,3.0,480,0.2,8,1.4358722580968801
0,32,384,12.0,1536,0.25,8,1.0691853167486496
0,32,384,12.0,480,0.8,8,1.0192115300182694
4,32,96,3.0,1536,0.0625,8,3.084188925539373
4,32,96,3.0,480,0.2,8,2.9018327431561284
4,32,384,12.0,1536,0.25,8,1.1251769122336255
4,32,384,12.0,480,0.8,8,1.0337097718710522
0,32,96,3.0,1536,0.0625,9,1.4732353944327832
0,32,96,3.0,480,0.2,9,1.4384608347848318
0,32,384,12.0,1536,0.25,9,1.0704837883861305
0,32,384,12.0,480,0.8,9,1.0198087187953702
4,32,96,3.0,1536,0.0625,9,5.120883985036362
4,32,96,3.0,480,0.2,9,4.767915615536927
4,32,384,12.0,1536,0.25,9,1.158356069235822
4,32,384,12.0,480,0.8,9,1.0434188592695204
0,32,96,3.0,1536,0.0625,10,1.475208291053805
0,32,96,3.0,480,0.2,10,1.4333406899034487
0,32,384,12.0,1536,0.25,10,1.0696120771748228
0,32,384,12.0,480,0.8,10,1.0198766928381047
4,32,96,3.0,1536,0.0625,10,4.204098202577029
4,32,96,3.0,480,0.2,10,3.8924693469017675
4,32,384,12.0,1536,0.25,10,1.12219512771977
4,32,384,12.0,480,0.8,10,1.0333407692170788
0,32,96,3.0,1536,0.0625,11,1.4897070683333156
0,32,96,3.0,480,0.2,11,1.435569021324575
0,32,384,12.0,1536,0.25,11,1.0711380552642908
0,32,384,12.0,480,0.8,11,1.0192433612421803
4,32,96,3.0,1536,0.0625,11,4.300489308958515
4,32,96,3.0,480,0.2,11,3.989083661347324
4,32,384,12.0,1536,0.25,11,1.1592309555527132
4,32,384,12.0,480,0.8,11,1.0457853720567223
0,32,96,3.0,1536,0.0625,12,1.47895762011562
0,32,96,3.0,480,0.2,12,1.429701551711022
0,32,384,12.0,1536,0.25,12,1.0696516404230234
0,32,384,12.0,480,0.8,12,1.0194742067119356
4,32,96,3.0,1536,0.0625,12,3.809091709371432
4,32,96,3.0,480,0.2,12,3.587119763515049
4,32,384,12.0,1536,0.25,12,1.1490343125012787
4,32,384,12.0,480,0.8,12,1.0433629852488169
0,32,96,3.0,1536,0.0625,13,1.4831204031897043
0,32,96,3.0,480,0.2,13,1.432521928548529
0,32,384,12.0,1536,0.25,13,1.0705774138712938
0,32,384,12.0,480,0.8,13,1.0203776751029472
4,32,96,3.0,1536,0.0625,13,4.091157673256085
4,32,96,3.0,480,0.2,13,3.834118578025705
4,32,384,12.0,1536,0.25,13,1.1293868082709224
4,32,384,12.0,480,0.8,13,1.0355167577601359
0,32,96,3.0,1536,0.0625,14,1.475030913866688
0,32,96,3.0,480,0.2,14,1.4345565880959659
0,32,384,12.0,1536,0.25,14,1.072080138110062
0,32,384,12.0,480,0.8,14,1.0214235505456546
4,32,96,3.0,1536,0.0625,14,3.014261348949569
4,32,96,3.0,480,0.2,14,2.8540333020544115
4,32,384,12.0,1536,0.25,14,1.120697626300984
4,32,384,12.0,480,0.8,14,1.0356241915537217
0,32,96,3.0,1536,0.0625,15,1.4788703826825873
0,32,96,3.0,480,0.2,15,1.4368161831571333
0,32,384,12.0,1536,0.25,15,1.0670002802843797
0,32,384,12.0,480,0.8,15,1.0187109943126595
4,32,96,3.0,1536,0.0625,15,3.787961103925121
4,32,96,3.0,480,0.2,15,3.588580849696399
4,32,384,12.0,1536,0.25,15,1.1317346903581849
4,32,384,12.0,480,0.8,15,1.0419504216748285
0,32,96,3.0,1536,0.0625,16,1.4576272086474027
0,32,96,3.0,480,0.2,16,1.4041238336921318
0,32,384,12.0,1536,0.25,16,1.0678327250452957
0,32,384,12.0,480,0.8,16,1.01869152462958
4,32,96,3.0,1536,0.0625,16,3.50629850408273
4,32,96,3.0,480,0.2,16,3.282699479745397
4,32,384,12.0,1536,0.25,16,1.142953388434687
4,32,384,12.0,480,0.8,16,1.039996917783296
0,32,96,3.0,1536,0.0625,17,1.4659038880053548
0,32,96,3.0,480,0.2,17,1.4128300735210193
0,32,384,12.0,1536,0.25,17,1.0700446424245453
0,32,384,12.0,480,0.8,17,1.0192333437187628
4,32,96,3.0,1536,0.0625,17,3.4207777643494492
4,32,96,3.0,480,0.2,17,3.177871345346047
4,32,384,12.0,1536,0.25,17,1.1329881428637045
4,32,384,12.0,480,0.8,17,1.0375345721744473
0,32,96,3.0,1536,0.0625,18,1.4904259418506856
0,32,96,3.0,480,0.2,18,1.4466329025207956
0,32,384,12.0,1536,0.25,18,1.0695932715797953
0,32,384,12.0,480,0.8,18,1.019677964242554
4,32,96,3.0,1536,0.0625,18,3.0612367114650936
4,32,96,3.0,480,0.2,18,2.8672622515812165
4,32,384,12.0,1536,0.25,18,1.1335775937684676
4,32,384,12.0,480,0.8,18,1.0363127980402314
0,32,96,3.0,1536,0.0625,19,1.503241636011527
0,32,96,3.0,480,0.2,19,1.4546230678915013
0,32,384,12.0,1536,0.25,19,1.0697980067091286
0,32,384,12.0,480,0.8,19,1.0195901576183075
4,32,96,3.0,1536,0.0625,19,4.505520781936521
4,32,96,3.0,480,0.2,19,4.201622487153517
4,32,384,12.0,1536,0.25,19,1.1447640023241519
4,32,384,12.0,480,0.8,19,1.0394078250275751
0,32,96,3.0,1536,0.0625,20,1.485186237677667
0,32,96,3.0,480,0.2,20,1.4471822997555257
0,32,384,12.0,1536,0.25,20,1.0700214856707984
0,32,384,12.0,480,0.8,20,1.0194492407280062
4,32,96,3.0,1536,0.0625,20,3.365599248064132
4,32,96,3.0,480,0.2,20,3.1283056930636866
4,32,384,12.0,1536,0.25,20,1.1172202364028736
4,32,384,12.0,480,0.8,20,1.0331333568466787
0,32,96,3.0,1536,0.0625,21,1.4545989627950373
0,32,96,3.0,480,0.2,21,1.4105158002977336
0,32,384,12.0,1536,0.25,21,1.0708396331359678
0,32,384,12.0,480,0.8,21,1.0206859751315982
4,32,96,3.0,1536,0.0625,21,4.1588714149405135
4,32,96,3.0,480,0.2,21,3.869208767240658
4,32,384,12.0,1536,0.25,21,1.1518327986116754
4,32,384,12.0,480,0.8,21,1.040775355935385
0,32,96,3.0,1536,0.0625,22,1.497371472853995
0,32,96,3.0,480,0.2,22,1.4464289568007882
0,32,384,12.0,1536,0.25,22,1.0704893713075754
0,32,384,12.0,480,0.8,22,1.0201365189760785
4,32,96,3.0,1536,0.0625,22,4.0660078839647635
4,32,96,3.0,480,0.2,22,3.771202645716769
4,32,384,12.0,1536,0.25,22,1.1169357419627415
4,32,384,12.0,480,0.8,22,1.0331154687203572
0,32,96,3.0,1536,0.0625,23,1.4798600978242136
0,32,96,3.0,480,0.2,23,1.4257898672310019
0,32,384,12.0,1536,0.25,23,1.0689558989464705
0,32,384,12.0,480,0.8,23,1.0185703941414723
4,32,96,3.0,1536,0.0625,23,5.64481725540284
4,32,96,3.0,480,0.2,23,5.24317384565355
4,32,384,12.0,1536,0.25,23,1.1705385759600635
4,32,384,12.0,480,0.8,23,1.0459270818312703
0,32,96,3.0,1536,0.0625,24,1.4863336342196392
0,32,96,3.0,480,0.2,24,1.4337822798940139
0,32,384,12.0,1536,0.25,24,1.0705990401877772
0,32,384,12.0,480,0.8,24,1.0198669576077422
4,32,96,3.0,1536,0.0625,24,3.9845096485584603
4,32,96,3.0,480,0.2,24,3.6922923533975105
4,32,384,12.0,1536,0.25,24,1.1315953883027183
4,32,384,12.0,480,0.8,24,1.0365723891016536
0,32,96,3.0,1536,0.0625,25,1.4723029283602362
0,32,96,3.0,480,0.2,25,1.4203778984657307
0,32,384,12.0,1536,0.25,25,1.072282196549965
0,32,384,12.0,480,0.8,25,1.0204584138254336
4,32,96,3.0,1536,0.0625,25,4.384290560592627
4,32,96,3.0,480,0.2,25,4.110446565911365
4,32,384,12.0,1536,0.25,25,1.164975660790953
4,32,384,12.0,480,0.8,25,1.045370623131474
0,32,96,3.0,1536,0.0625,26,1.4712749219329007
0,32,96,3.0,480,0.2,26,1.418768794797172
0,32,384,12.0,1536,0.25,26,1.0712682034422232
0,32,384,12.0,480,0.8,26,1.0199132805051732
4,32,96,3.0,1536,0.0625,26,2.919898750481332
4,32,96,3.0,480,0.2,26,2.773610012898434
4,32,384,12.0,1536,0.25,26,1.1366300592718235
4,32,384,12.0,480,0.8,26,1.0410525673526367
0,32,96,3.0,1536,0.0625,27,1.462712494579555
0,32,96,3.0,480,0.2,27,1.4105420883980848
0,32,384,12.0,1536,0.25,27,1.0688917137618605
0,32,384,12.0,480,0.8,27,1.0187593142484406
4,32,96,3.0,1536,0.0625,27,2.8002714682192784
4,32,96,3.0,480,0.2,27,2.64945650128551
4,32,384,12.0,1536,0.25,27,1.1301336812424145
4,32,384,12.0,480,0.8,27,1.0381054369339702
0,32,96,3.0,1536,0.0625,28,1.4626277188143122
0,32,96,3.0,480,0.2,28,1.4152815150580027
0,32,384,12.0,1536,0.25,28,1.0695978798199415
0,32,384,12.0,480,0.8,28,1.0197344700904543
4,32,96,3.0,1536,0.0625,28,4.136829809393371
4,32,96,3.0,480,0.2,28,3.9071910515804293
4,32,384,12.0,1536,0.25,28,1.132349752513644
4,32,384,12.0,480,0.8,28,1.0356285080337742
0,32,96,3.0,1536,0.0625,29,1.4716261366082641
0,32,96,3.0,480,0.2,29,1.4190727536519492
0,32,384,12.0,1536,0.25,29,1.0705451254083291
0,32,384,12.0,480,0.8,29,1.0190049438653679
4,32,96,3.0,1536,0.0625,29,3.579174580176124
4,32,96,3.0,480,0.2,29,3.3281463939149245
4,32,384,12.0,1536,0.25,29,1.1331568945025035
4,32,384,12.0,480,0.8,29,1.0353896664468778
0,32,96,3.0,1536,0.0625,30,1.4731779172803061
0,32,96,3.0,480,0.2,30,1.4240032837966594
0,32,384,12.0,1536,0.25,30,1.0706570448178785
0,32,384,12.0,480,0.8,30,1.0190578279010114
4,32,96,3.0,1536,0.0625,30,3.361949421506741
4,32,96,3.0,480,0.2,30,3.120836517443542
4,32,384,12.0,1536,0.25,30,1.1550127587582308
4,32,384,12.0,480,0.8,30,1.0448013572514443
0,32,96,3.0,1536,0.0625,31,1.4819076265452478
0,32,96,3.0,480,0.2,31,1.4348486163611907
0,32,384,12.0,1536,0.25,31,1.0677023305523967
0,32,384,12.0,480,0.8,31,1.0190692551269416
4,32,96,3.0,1536,0.0625,31,4.657494753212842
4,32,96,3.0,480,0.2,31,4.336206478789283
4,32,384,12.0,1536,0.25,31,1.1363467899677333
4,32,384,12.0,480,0.8,31,1.0393206355489502
0,32,96,3.0,1536,0.0625,32,1.4564991974115065
0,32,96,3.0,480,0.2,32,1.4074056217037505
0,32,384,12.0,1536,0.25,32,1.0683460500379833
0,32,384,12.0,480,0.8,32,1.0202972020705263
4,32,96,3.0,1536,0.0625,32,4.506350917844276
4,32,96,3.0,480,0.2,32,4.213814357273936
4,32,384,12.0,1536,0.25,32,1.1447277817049837
4,32,384,12.0,480,0.8,32,1.0397304299899808
0,32,96,3.0,1536,0.0625,33,1.4856383830453854
0,32,96,3.0,480,0.2,33,1.4456757046150208
0,32,384,12.0,1536,0.25,33,1.0684785472708964
0,32,384,12.0,480,0.8,33,1.019117301352739
4,32,96,3.0,1536,0.0625,33,3.065051301619524
4,32,96,3.0,480,0.2,33,2.9102767937258096
4,32,384,12.0,1536,0.25,33,1.162286657832451
4,32,384,12.0,480,0.8,33,1.0464284542673008
0,32,96,3.0,1536,0.0625,34,1.4851430187565822
0,32,96,3.0,480,0.2,34,1.4389666913794827
0,32,384,12.0,1536,0.25,34,1.0692299659741664
0,32,384,12.0,480,0.8,34,1.0194194242576389
4,32,96,3.0,1536,0.0625,34,4.163163198828414
4,32,96,3.0,480,0.2,34,3.897287011768596
4,32,384,12.0,1536,0.25,34,1.1131447740295228
4,32,384,12.0,480,0.8,34,1.0322420530988794
0,32,96,3.0,1536,0.0625,35,1.4927064175040279
0,32,96,3.0,480,0.2,35,1.4408246649303829
0,32,384,12.0,1536,0.25,35,1.070837304597356
0,32,384,12.0,480,0.8,35,1.0187975796857818
4,32,96,3.0,1536,0.0625,35,5.293099403298451
4,32,96,3.0,480,0.2,35,4.976814252020836
4,32,384,12.0,1536,0.25,35,1.1447141528185578
4,32,384,12.0,480,0.8,35,1.0412903013190937
0,32,96,3.0,1536,0.0625,36,1.4615646115887142
0,32,96,3.0,480,0.2,36,1.4100875523391267
0,32,384,12.0,1536,0.25,36,1.0673126611847248
0,32,384,12.0,480,0.8,36,1.01857365484904
4,32,96,3.0,1536,0.0625,36,3.3233235789227606
4,32,96,3.0,480,0.2,36,3.0968078965765873
4,32,384,12.0,1536,0.25,36,1.1090507123567581
4,32,384,12.0,480,0.8,36,1.0286178778027397
0,32,96,3.0,1536,0.0625,37,1.4747291672230247
0,32,96,3.0,480,0.2,37,1.4293330622027485
0,32,384,12.0,1536,0.25,37,1.0698758917517575
0,32,384,12.0,480,0.8,37,1.0193829326612167
4,32,96,3.0,1536,0.0625,37,4.716599602615224
4,32,96,3.0,480,0.2,37,4.474777990850805
4,32,384,12.0,1536,0.25,37,1.1561915985603528
4,32,384,12.0,480,0.8,37,1.042218146325517
0,32,96,3.0,1536,0.0625,38,1.492289869307903
0,32,96,3.0,480,0.2,38,1.4398200522999263
0,32,384,12.0,1536,0.25,38,1.0695807801480326
0,32,384,12.0,480,0.8,38,1.019139449455131
4,32,96,3.0,1536,0.0625,38,3.343242191149768
4,32,96,3.0,480,0.2,38,3.1423418954692837
4,32,384,12.0,1536,0.25,38,1.0831010724803174
4,32,384,12.0,480,0.8,38,1.0232378355623306
0,32,96,3.0,1536,0.0625,39,1.4825302066887973
0,32,96,3.0,480,0.2,39,1.428161655812982
0,32,384,12.0,1536,0.25,39,1.0696097349853666
0,32,384,12.0,480,0.8,39,1.0200021305420288
4,32,96,3.0,1536,0.0625,39,4.216719096315396
4,32,96,3.0,480,0.2,39,3.9477276203935645
4,32,384,12.0,1536,0.25,39,1.168370720938683
4,32,384,12.0,480,0.8,39,1.0471467988898653
0,32,96,3.0,1536,0.0625,40,1.4530270127209173
0,32,96,3.0,480,0.2,40,1.4039661147159341
0,32,384,12.0,1536,0.25,40,1.069555398373001
0,32,384,12.0,480,0.8,40,1.0199985037040522
4,32,96,3.0,1536,0.0625,40,2.9916003159053073
4,32,96,3.0,480,0.2,40,2.824854188829729
4,32,384,12.0,1536,0.25,40,1.137299179338526
4,32,384,12.0,480,0.8,40,1.0393349848897924
0,32,96,3.0,1536,0.0625,41,1.4623998594030652
0,32,96,3.0,480,0.2,41,1.4109075067753742
0,32,384,12.0,1536,0.25,41,1.0695419480923885
0,32,384,12.0,480,0.8,41,1.019771587992787
4,32,96,3.0,1536,0.0625,41,3.343900534090749
4,32,96,3.0,480,0.2,41,3.121083670060843
4,32,384,12.0,1536,0.25,41,1.126048903483959
4,32,384,12.0,480,0.8,41,1.0357899858360546
0,32,96,3.0,1536,0.0625,42,1.4635932864392336
0,32,96,3.0,480,0.2,42,1.420312509330108
0,32,384,12.0,1536,0.25,42,1.068555478888696
0,32,384,12.0,480,0.8,42,1.0195884777415292
4,32,96,3.0,1536,0.0625,42,3.9364138022130435
4,32,96,3.0,480,0.2,42,3.703039964474888
4,32,384,12.0,1536,0.25,42,1.1427952482031931
4,32,384,12.0,480,0.8,42,1.040323618690025
0,32,96,3.0,1536,0.0625,43,1.4618619191843172
0,32,96,3.0,480,0.2,43,1.4239881772515843
0,32,384,12.0,1536,0.25,43,1.070613979236929
0,32,384,12.0,480,0.8,43,1.0196339977593245
4,32,96,3.0,1536,0.0625,43,3.5277875152372973
4,32,96,3.0,480,0.2,43,3.3255848342171674
4,32,384,12.0,1536,0.25,43,1.1276245641789289
4,32,384,12.0,480,0.8,43,1.0348578602476604
0,32,96,3.0,1536,0.0625,44,1.446238250514752
0,32,96,3.0,480,0.2,44,1.3961933616123394
0,32,384,12.0,1536,0.25,44,1.068958446793989
0,32,384,12.0,480,0.8,44,1.018874135626145
4,32,96,3.0,1536,0.0625,44,3.8847400582847467
4,32,96,3.0,480,0.2,44,3.6735246541518896
4,32,384,12.0,1536,0.25,44,1.1273304828276343
4,32,384,12.0,480,0.8,44,1.0361767565337845
0,32,96,3.0,1536,0.0625,45,1.4997609431572618
0,32,96,3.0,480,0.2,45,1.4414851182426598
0,32,384,12.0,1536,0.25,45,1.0695904792513489
0,32,384,12.0,480,0.8,45,1.0199359729784976
4,32,96,3.0,1536,0.0625,45,3.597844837730526
4,32,96,3.0,480,0.2,45,3.303901764701771
4,32,384,12.0,1536,0.25,45,1.146994307614869
4,32,384,12.0,480,0.8,45,1.0405555741458177
0,32,96,3.0,1536,0.0625,46,1.4568250523114712
0,32,96,3.0,480,0.2,46,1.4098254314660144
0,32,384,12.0,1536,0.25,46,1.0695427250740286
0,32,384,12.0,480,0.8,46,1.0186356806447965
4,32,96,3.0,1536,0.0625,46,4.351791953459758
4,32,96,3.0,480,0.2,46,4.110127525633411
4,32,384,12.0,1536,0.25,46,1.139231798779614
4,32,384,12.0,480,0.8,46,1.0387354114799903
0,32,96,3.0,1536,0.0625,47,1.4726011649303716
0,32,96,3.0,480,0.2,47,1.4228579317339027
0,32,384,12.0,1536,0.25,47,1.0691077184790665
0,32,384,12.0,480,0.8,47,1.0192149363276124
4,32,96,3.0,1536,0.0625,47,6.504153784520811
4,32,96,3.0,480,0.2,47,6.049519855144025
4,32,384,12.0,1536,0.25,47,1.1382511287381645
4,32,384,12.0,480,0.8,47,1.038652598341727
0,32,96,3.0,1536,0.0625,48,1.4673534152553358
0,32,96,3.0,480,0.2,48,1.4128033103220832
0,32,384,12.0,1536,0.25,48,1.068805914698188
0,32,384,12.0,480,0.8,48,1.0201090901712222
4,32,96,3.0,1536,0.0625,48,3.819870645262325
4,32,96,3.0,480,0.2,48,3.548268594064504
4,32,384,12.0,1536,0.25,48,1.1485592978598578
4,32,384,12.0,480,0.8,48,1.0428170190130144
0,32,96,3.0,1536,0.0625,49,1.4849539540988677
0,32,96,3.0,480,0.2,49,1.4360929720090831
0,32,384,12.0,1536,0.25,49,1.0689568366273
0,32,384,12.0,480,0.8,49,1.0187962924631957
4,32,96,3.0,1536,0.0625,49,3.6085572051846038
4,32,96,3.0,480,0.2,49,3.420004794606512
4,32,384,12.0,1536,0.25,49,1.1508034928853983
4,32,384,12.0,480,0.8,49,1.042262928456341
0,32,96,3.0,1536,0.0625,50,1.4333067020823687
0,32,96,3.0,480,0.2,50,1.386357240421142
0,32,384,12.0,1536,0.25,50,1.0681462854317456
0,32,384,12.0,480,0.8,50,1.019106475659674
4,32,96,3.0,1536,0.0625,50,3.799769145753806
4,32,96,3.0,480,0.2,50,3.4977107542650248
4,32,384,12.0,1536,0.25,50,1.1488585273814713
4,32,384,12.0,480,0.8,50,1.0406714071505136
0,32,96,3.0,1536,0.0625,51,1.4882085719000437
0,32,96,3.0,480,0.2,51,1.437749410970312
0,32,384,12.0,1536,0.25,51,1.070637365628447
0,32,384,12.0,480,0.8,51,1.019247202884172
4,32,96,3.0,1536,0.0625,51,3.8243329620004207
4,32,96,3.0,480,0.2,51,3.58634202231072
4,32,384,12.0,1536,0.25,51,1.1102973857082803
4,32,384,12.0,480,0.8,51,1.0308737242876964
0,32,96,3.0,1536,0.0625,52,1.497587294750237
0,32,96,3.0,480,0.2,52,1.4469485133077302
0,32,384,12.0,1536,0.25,52,1.0721947178330846
0,32,384,12.0,480,0.8,52,1.0199329306751865
4,32,96,3.0,1536,0.0625,52,3.435781512407136
4,32,96,3.0,480,0.2,52,3.224794998977333
4,32,384,12.0,1536,0.25,52,1.1119769966458661
4,32,384,12.0,480,0.8,52,1.0316006046038042
0,32,96,3.0,1536,0.0625,53,1.4332422872637633
0,32,96,3.0,480,0.2,53,1.3939817806488937
0,32,384,12.0,1536,0.25,53,1.0694612638321932
0,32,384,12.0,480,0.8,53,1.0199143425962154
4,32,96,3.0,1536,0.0625,53,5.589495109268798
4,32,96,3.0,480,0.2,53,5.328249033879088
4,32,384,12.0,1536,0.25,53,1.1682870273561474
4,32,384,12.0,480,0.8,53,1.0483013984203284
0,32,96,3.0,1536,0.0625,54,1.4359902042138195
0,32,96,3.0,480,0.2,54,1.3851022484568252
0,32,384,12.0,1536,0.25,54,1.069154512689419
0,32,384,12.0,480,0.8,54,1.0192868999015794
4,32,96,3.0,1536,0.0625,54,3.8906251465463066
4,32,96,3.0,480,0.2,54,3.644878808642632
4,32,384,12.0,1536,0.25,54,1.1354678741253599
4,32,384,12.0,480,0.8,54,1.0385886385690062
0,32,96,3.0,1536,0.0625,55,1.4952003432861567
0,32,96,3.0,480,0.2,55,1.4452279396743863
0,32,384,12.0,1536,0.25,55,1.0690707138406959
0,32,384,12.0,480,0.8,55,1.0191520069061848
4,32,96,3.0,1536,0.0625,55,3.9098244615675064
4,32,96,3.0,480,0.2,55,3.6429983193149846
4,32,384,12.0,1536,0.25,55,1.1078707899454756
4,32,384,12.0,480,0.8,55,1.0285486891343754
0,32,96,3.0,1536,0.0625,56,1.4641087499616727
0,32,96,3.0,480,0.2,56,1.4162561954732054
0,32,384,12.0,1536,0.25,56,1.0712455372189589
0,32,384,12.0,480,0.8,56,1.0199900174432537
4,32,96,3.0,1536,0.0625,56,4.163193904642036
4,32,96,3.0,480,0.2,56,3.9733543002221485
4,32,384,12.0,1536,0.25,56,1.119658829063029
4,32,384,12.0,480,0.8,56,1.0354827289448405
0,32,96,3.0,1536,0.0625,57,1.4918050658873319
0,32,96,3.0,480,0.2,57,1.4350985536929293
0,32,384,12.0,1536,0.25,57,1.0670934724597525
0,32,384,12.0,480,0.8,57,1.0187899635470836
4,32,96,3.0,1536,0.0625,57,4.705355080628036
4,32,96,3.0,480,0.2,57,4.42378040248798
4,32,384,12.0,1536,0.25,57,1.1331755553956135
4,32,384,12.0,480,0.8,57,1.0379678953905158
0,32,96,3.0,1536,0.0625,58,1.4541433527812564
0,32,96,3.0,480,0.2,58,1.4055454491680521
0,32,384,12.0,1536,0.25,58,1.070003211780861
0,32,384,12.0,480,0.8,58,1.0195244739296334
4,32,96,3.0,1536,0.0625,58,3.87233907369174
4,32,96,3.0,480,0.2,58,3.6099016310773457
4,32,384,12.0,1536,0.25,58,1.0917386506291724
4,32,384,12.0,480,0.8,58,1.0249807754091242
0,32,96,3.0,1536,0.0625,59,1.4799323805600821
0,32,96,3.0,480,0.2,59,1.4286964621765734
0,32,384,12.0,1536,0.25,59,1.0707817964416848
0,32,384,12.0,480,0.8,59,1.019280288482091
4,32,96,3.0,1536,0.0625,59,3.0078530084809207
4,32,96,3.0,480,0.2,59,2.8380528859678638
4,32,384,12.0,1536,0.25,59,1.0995028771987063
4,32,384,12.0,480,0.8,59,1.0278131538207496
0,32,96,3.0,1536,0.0625,60,1.4756669570278078
0,32,96,3.0,480,0.2,60,1.4231906554867888
0,32,384,12.0,1536,0.25,60,1.0703814737037873
0,32,384,12.0,480,0.8,60,1.0197517927829018
4,32,96,3.0,1536,0.0625,60,3.048404710180333
4,32,96,3.0,480,0.2,60,2.8661520854920814
4,32,384,12.0,1536,0.25,60,1.09584724720814
4,32,384,12.0,480,0.8,60,1.0269805463153707
0,32,96,3.0,1536,0.0625,61,1.4855926410045748
0,32,96,3.0,480,0.2,61,1.4370769885827652
0,32,384,12.0,1536,0.25,61,1.0696490400171381
0,32,384,12.0,480,0.8,61,1.0192664201561012
4,32,96,3.0,1536,0.0625,61,5.043933967784389
4,32,96,3.0,480,0.2,61,4.756038055783613
4,32,384,12.0,1536,0.25,61,1.1456903155228282
4,32,384,12.0,480,0.8,61,1.0408497769780223
0,32,96,3.0,1536,0.0625,62,1.4910772388272873
0,32,96,3.0,480,0.2,62,1.4341538583467746
0,32,384,12.0,1536,0.25,62,1.0686362048885056
0,32,384,12.0,480,0.8,62,1.0188580232541458
4,32,96,3.0,1536,0.0625,62,3.5701389408247666
4,32,96,3.0,480,0.2,62,3.361284073149953
4,32,384,12.0,1536,0.25,62,1.106074543590215
4,32,384,12.0,480,0.8,62,1.0296740891349172
0,32,96,3.0,1536,0.0625,63,1.4725714630317213
0,32,96,3.0,480,0.2,63,1.4280658851222403
0,32,384,12.0,1536,0.25,63,1.0683087637685273
0,32,384,12.0,480,0.8,63,1.0193192647608047
4,32,96,3.0,1536,0.0625,63,3.210186442048979
4,32,96,3.0,480,0.2,63,3.0273579278091516
4,32,384,12.0,1536,0.25,63,1.156568181667254
4,32,384,12.0,480,0.8,63,1.044981559380134
0,32,96,3.0,1536,0.0625,64,1.4876185376178044
0,32,96,3.0,480,0.2,64,1.4352196929168402
0,32,384,12.0,1536,0.25,64,1.0687584056451076
0,32,384,12.0,480,0.8,64,1.0192680680630977
4,32,96,3.0,1536,0.0625,64,2.733939725355642
4,32,96,3.0,480,0.2,64,2.5862929930599874
4,32,384,12.0,1536,0.25,64,1.1598484546000631
4,32,384,12.0,480,0.8,64,1.046110818923184
0,32,96,3.0,1536,0.0625,65,1.4852014746997315
0,32,96,3.0,480,0.2,65,1.4418212056482669
0,32,384,12.0,1536,0.25,65,1.0700831429994317
0,32,384,12.0,480,0.8,65,1.0202607373234707
4,32,96,3.0,1536,0.0625,65,3.9761575368436564
4,32,96,3.0,480,0.2,65,3.7485339924410797
4,32,384,12.0,1536,0.25,65,1.1068947966490776
4,32,384,12.0,480,0.8,65,1.0304778111786457
0,32,96,3.0,1536,0.0625,66,1.4580051277670454
0,32,96,3.0,480,0.2,66,1.39974336041551
0,32,384,12.0,1536,0.25,66,1.0681721408767095
0,32,384,12.0,480,0.8,66,1.018665297235779
4,32,96,3.0,1536,0.0625,66,4.297781988123564
4,32,96,3.0,480,0.2,66,4.00627428280516
4,32,384,12.0,1536,0.25,66,1.127083749224313
4,32,384,12.0,480,0.8,66,1.035779307441733
0,32,96,3.0,1536,0.0625,67,1.4491889717920194
0,32,96,3.0,480,0.2,67,1.402942539626118
0,32,384,12.0,1536,0.25,67,1.0688056322699713
0,32,384,12.0,480,0.8,67,1.0190603465992634
4,32,96,3.0,1536,0.0625,67,3.702897418314035
4,32,96,3.0,480,0.2,67,3.4798410405959608
4,32,384,12.0,1536,0.25,67,1.1383272099144621
4,32,384,12.0,480,0.8,67,1.0383854609125052
0,32,96,3.0,1536,0.0625,68,1.4691705752659998
0,32,96,3.0,480,0.2,68,1.4193186221329122
0,32,384,12.0,1536,0.25,68,1.0698814027173784
0,32,384,12.0,480,0.8,68,1.0192730221768558
4,32,96,3.0,1536,0.0625,68,3.8486408389944513
4,32,96,3.0,480,0.2,68,3.6103006796725605
4,32,384,12.0,1536,0.25,68,1.1587918574313822
4,32,384,12.0,480,0.8,68,1.0444076303330951
0,32,96,3.0,1536,0.0625,69,1.4879881604472924
0,32,96,3.0,480,0.2,69,1.44335185542091
0,32,384,12.0,1536,0.25,69,1.0698275935298371
0,32,384,12.0,480,0.8,69,1.0190617915941318
4,32,96,3.0,1536,0.0625,69,4.230528718891641
4,32,96,3.0,480,0.2,69,3.98428412780725
4,32,384,12.0,1536,0.25,69,1.16413595791197
4,32,384,12.0,480,0.8,69,1.0469090544545723
0,32,96,3.0,1536,0.0625,70,1.4439973494586824
0,32,96,3.0,480,0.2,70,1.398888020517391
0,32,384,12.0,1536,0.25,70,1.0686820915688462
0,32,384,12.0,480,0.8,70,1.0194867362771065
4,32,96,3.0,1536,0.0625,70,4.444352963410385
4,32,96,3.0,480,0.2,70,4.186004892242583
4,32,384,12.0,1536,0.25,70,1.122304383888587
4,32,384,12.0,480,0.8,70,1.0339016637526934
0,32,96,3.0,1536,0.0625,71,1.4798448849265922
0,32,96,3.0,480,0.2,71,1.4399501134264148
0,32,384,12.0,1536,0.25,71,1.0716776936432664
0,32,384,12.0,480,0.8,71,1.0195132403943596
4,32,96,3.0,1536,0.0625,71,4.360922252904103
4,32,96,3.0,480,0.2,71,4.091926715327492
4,32,384,12.0,1536,0.25,71,1.1275706164943327
4,32,384,12.0,480,0.8,71,1.035406429872662
0,32,96,3.0,1536,0.0625,72,1.4772520891545673
0,32,96,3.0,480,0.2,72,1.436647188559904
0,32,384,12.0,1536,0.25,72,1.069654928596101
0,32,384,12.0,480,0.8,72,1.0200122536785283
4,32,96,3.0,1536,0.0625,72,5.800249868032795
4,32,96,3.0,480,0.2,72,5.402703684602838
4,32,384,12.0,1536,0.25,72,1.1751523198683202
4,32,384,12.0,480,0.8,72,1.0475303635983115
0,32,96,3.0,1536,0.0625,73,1.4945466884798835
0,32,96,3.0,480,0.2,73,1.445714633897814
0,32,384,12.0,1536,0.25,73,1.0704583514572241
0,32,384,12.0,480,0.8,73,1.020615702275704
4,32,96,3.0,1536,0.0625,73,4.157931616334835
4,32,96,3.0,480,0.2,73,3.851694953622602
4,32,384,12.0,1536,0.25,73,1.1395258357452849
4,32,384,12.0,480,0.8,73,1.0405771335156146
0,32,96,3.0,1536,0.0625,74,1.4699280874972431
0,32,96,3.0,480,0.2,74,1.417466343437915
0,32,384,12.0,1536,0.25,74,1.0683487662911586
0,32,384,12.0,480,0.8,74,1.0193291254151005
4,32,96,3.0,1536,0.0625,74,5.7864948959670395
4,32,96,3.0,480,0.2,74,5.361165530470286
4,32,384,12.0,1536,0.25,74,1.1550270219254073
4,32,384,12.0,480,0.8,74,1.043934339741403
0,32,96,3.0,1536,0.0625,75,1.460742207062061
0,32,96,3.0,480,0.2,75,1.4099847212355479
0,32,384,12.0,1536,0.25,75,1.0676115902387846
0,32,384,12.0,480,0.8,75,1.0199120561046346
4,32,96,3.0,1536,0.0625,75,3.451761326007609
4,32,96,3.0,480,0.2,75,3.2300674282665054
4,32,384,12.0,1536,0.25,75,1.1243956176613492
4,32,384,12.0,480,0.8,75,1.0345119873567998
0,32,96,3.0,1536,0.0625,76,1.4892698195065723
0,32,96,3.0,480,0.2,76,1.4345802102763008
0,32,384,12.0,1536,0.25,76,1.0704470475517462
0,32,384,12.0,480,0.8,76,1.0190121773634444
4,32,96,3.0,1536,0.0625,76,3.5366127112160823
4,32,96,3.0,480,0.2,76,3.312459290923065
4,32,384,12.0,1536,0.25,76,1.1554778509211785
4,32,384,12.0,480,0.8,76,1.042961251438924
0,32,96,3.0,1536,0.0625,77,1.4281669319496642
0,32,96,3.0,480,0.2,77,1.3805957757674368
0,32,384,12.0,1536,0.25,77,1.068687384882139
0,32,384,12.0,480,0.8,77,1.0184008979764851
4,32,96,3.0,1536,0.0625,77,3.0208166094205016
4,32,96,3.0,480,0.2,77,2.8576821551505622
4,32,384,12.0,1536,0.25,77,1.1223681462452488
4,32,384,12.0,480,0.8,77,1.0321044948533558
0,32,96,3.0,1536,0.0625,78,1.4911777996524833
0,32,96,3.0,480,0.2,78,1.4471156111243002
0,32,384,12.0,1536,0.25,78,1.0710632158575433
0,32,384,12.0,480,0.8,78,1.0196685648966914
4,32,96,3.0,1536,0.0625,78,3.6447423084314194
4,32,96,3.0,480,0.2,78,3.379312940194765
4,32,384,12.0,1536,0.25,78,1.1694183348591933
4,32,384,12.0,480,0.8,78,1.0473756445759679
0,32,96,3.0,1536,0.0625,79,1.4506140133264989
0,32,96,3.0,480,0.2,79,1.4088772600977966
0,32,384,12.0,1536,0.25,79,1.070027133729732
0,32,384,12.0,480,0.8,79,1.0199076647397658
4,32,96,3.0,1536,0.0625,79,3.791908557882852
4,32,96,3.0,480,0.2,79,3.5865175130241043
4,32,384,12.0,1536,0.25,79,1.1249537218524182
4,32,384,12.0,480,0.8,79,1.0354981392286176
0,32,96,3.0,1536,0.0625,80,1.4736552357377124
0,32,96,3.0,480,0.2,80,1.4186816748668574
0,32,384,12.0,1536,0.25,80,1.0692820699513081
0,32,384,12.0,480,0.8,80,1.0193639659219387
4,32,96,3.0,1536,0.0625,80,3.450962239202725
4,32,96,3.0,480,0.2,80,3.2511381695753703
4,32,384,12.0,1536,0.25,80,1.149389568126839
4,32,384,12.0,480,0.8,80,1.0415290821590744
0,32,96,3.0,1536,0.0625,81,1.474811785834188
0,32,96,3.0,480,0.2,81,1.42319234215187
0,32,384,12.0,1536,0.25,81,1.0690692911612671
0,32,384,12.0,480,0.8,81,1.0190605410733449
4,32,96,3.0,1536,0.0625,81,2.599640340824757
4,32,96,3.0,480,0.2,81,2.429920520479434
4,32,384,12.0,1536,0.25,81,1.1376057718519095
4,32,384,12.0,480,0.8,81,1.0389374553732098
0,32,96,3.0,1536,0.0625,82,1.4935545655251343
0,32,96,3.0,480,0.2,82,1.4408521634236031
0,32,384,12.0,1536,0.25,82,1.069751860236709
0,32,384,12.0,480,0.8,82,1.018906722831006
4,32,96,3.0,1536,0.0625,82,3.9985091920125098
4,32,96,3.0,480,0.2,82,3.7075402115928053
4,32,384,12.0,1536,0.25,82,1.1497756618972106
4,32,384,12.0,480,0.8,82,1.0406377702544454
0,32,96,3.0,1536,0.0625,83,1.4697429848189463
0,32,96,3.0,480,0.2,83,1.4205259775306056
0,32,384,12.0,1536,0.25,83,1.0678144722413023
0,32,384,12.0,480,0.8,83,1.0185306406238734
4,32,96,3.0,1536,0.0625,83,3.918508544461049
4,32,96,3.0,480,0.2,83,3.6632784864087142
4,32,384,12.0,1536,0.25,83,1.1545781062513982
4,32,384,12.0,480,0.8,83,1.045294460547785
0,32,96,3.0,1536,0.0625,84,1.4819596024287236
0,32,96,3.0,480,0.2,84,1.4280845891565381
0,32,384,12.0,1536,0.25,84,1.0692112309377722
0,32,384,12.0,480,0.8,84,1.0187158354699883
4,32,96,3.0,1536,0.0625,84,3.800395548496361
4,32,96,3.0,480,0.2,84,3.5617191350925372
4,32,384,12.0,1536,0.25,84,1.1452170240200408
4,32,384,12.0,480,0.8,84,1.0414822658353868
0,32,96,3.0,1536,0.0625,85,1.4882487290842332
0,32,96,3.0,480,0.2,85,1.4306021824419985
0,32,384,12.0,1536,0.25,85,1.0706901454586333
0,32,384,12.0,480,0.8,85,1.0194689397277148
4,32,96,3.0,1536,0.0625,85,3.9362677210645387
4,32,96,3.0,480,0.2,85,3.6634241983842264
4,32,384,12.0,1536,0.25,85,1.1647035736093807
4,32,384,12.0,480,0.8,85,1.0453263561205282
0,32,96,3.0,1536,0.0625,86,1.4669589895899544
0,32,96,3.0,480,0.2,86,1.4158532369667378
0,32,384,12.0,1536,0.25,86,1.0680817763276338
0,32,384,12.0,480,0.8,86,1.0186343993566136
4,32,96,3.0,1536,0.0625,86,4.341526546615864
4,32,96,3.0,480,0.2,86,4.100110944554151
4,32,384,12.0,1536,0.25,86,1.121247132554975
4,32,384,12.0,480,0.8,86,1.0336711009630297
0,32,96,3.0,1536,0.0625,87,1.492414635985693
0,32,96,3.0,480,0.2,87,1.4556064744807538
0,32,384,12.0,1536,0.25,87,1.069651921275176
0,32,384,12.0,480,0.8,87,1.0195909145593187
4,32,96,3.0,1536,0.0625,87,3.6436975629915582
4,32,96,3.0,480,0.2,87,3.428731892308622
4,32,384,12.0,1536,0.25,87,1.1574225205315685
4,32,384,12.0,480,0.8,87,1.045614283660183
0,32,96,3.0,1536,0.0625,88,1.4493330543059075
0,32,96,3.0,480,0.2,88,1.403916932274545
0,32,384,12.0,1536,0.25,88,1.0687646768060004
0,32,384,12.0,480,0.8,88,1.0192453829932158
4,32,96,3.0,1536,0.0625,88,3.2264937168988457
4,32,96,3.0,480,0.2,88,3.0194520164083283
4,32,384,12.0,1536,0.25,88,1.094833489209654
4,32,384,12.0,480,0.8,88,1.0273621561706041
0,32,96,3.0,1536,0.0625,89,1.4508089495529888
0,32,96,3.0,480,0.2,89,1.401364168932299
0,32,384,12.0,1536,0.25,89,1.0686595655372355
0,32,384,12.0,480,0.8,89,1.0192744960863076
4,32,96,3.0,1536,0.0625,89,3.185922423273233
4,32,96,3.0,480,0.2,89,3.0589452933132333
4,32,384,12.0,1536,0.25,89,1.1420950427334593
4,32,384,12.0,480,0.8,89,1.0417375685453578
0,32,96,3.0,1536,0.0625,90,1.4345766568104048
0,32,96,3.0,480,0.2,90,1.3912372338789083
0,32,384,12.0,1536,0.25,90,1.0673094385894735
0,32,384,12.0,480,0.8,90,1.0192161768328893
4,32,96,3.0,1536,0.0625,90,2.950018062542841
4,32,96,3.0,480,0.2,90,2.77899813447761
4,32,384,12.0,1536,0.25,90,1.1051770776347318
4,32,384,12.0,480,0.8,90,1.0305437089162766
0,32,96,3.0,1536,0.0625,91,1.449382405641046
0,32,96,3.0,480,0.2,91,1.4013322004066167
0,32,384,12.0,1536,0.25,91,1.0686483470853125
0,32,384,12.0,480,0.8,91,1.0193226087990155
4,32,96,3.0,1536,0.0625,91,5.3336492994950335
4,32,96,3.0,480,0.2,91,4.9348273102266695
4,32,384,12.0,1536,0.25,91,1.1300653211455158
4,32,384,12.0,480,0.8,91,1.0361970887725
0,32,96,3.0,1536,0.0625,92,1.472203230997131
0,32,96,3.0,480,0.2,92,1.4282962303614068
0,32,384,12.0,1536,0.25,92,1.06894520849992
0,32,384,12.0,480,0.8,92,1.0189362734820187
4,32,96,3.0,1536,0.0625,92,2.8760035461406446
4,32,96,3.0,480,0.2,92,2.7121964546809303
4,32,384,12.0,1536,0.25,92,1.1251878400649062
4,32,384,12.0,480,0.8,92,1.037132747735698
0,32,96,3.0,1536,0.0625,93,1.4766845563045545
0,32,96,3.0,480,0.2,93,1.4274995807331834
0,32,384,12.0,1536,0.25,93,1.0707424316142515
0,32,384,12.0,480,0.8,93,1.019829501329331
4,32,96,3.0,1536,0.0625,93,4.231560937657235
4,32,96,3.0,480,0.2,93,3.977919385585019
4,32,384,12.0,1536,0.25,93,1.1218046545482119
4,32,384,12.0,480,0.8,93,1.0333917706110536
0,32,96,3.0,1536,0.0625,94,1.483880120407412
0,32,96,3.0,480,0.2,94,1.4419195461173504
0,32,384,12.0,1536,0.25,94,1.070021388147307
0,32,384,12.0,480,0.8,94,1.0206359929867022
4,32,96,3.0,1536,0.0625,94,4.056879813108445
4,32,96,3.0,480,0.2,94,3.7897405032272182
4,32,384,12.0,1536,0.25,94,1.1286745192286145
4,32,384,12.0,480,0.8,94,1.0352157136656124
0,32,96,3.0,1536,0.0625,95,1.4695202920675003
0,32,96,3.0,480,0.2,95,1.4153152863035725
0,32,384,12.0,1536,0.25,95,1.0706095869462464
0,32,384,12.0,480,0.8,95,1.0200201036302914
4,32,96,3.0,1536,0.0625,95,3.147454056545142
4,32,96,3.0,480,0.2,95,2.9189461062604765
4,32,384,12.0,1536,0.25,95,1.1335412061242685
4,32,384,12.0,480,0.8,95,1.0360923435544205
